SSerial,Rsex,Rage,MeatEnv,MeatHlth,MeatWelf,livcost1,Country,MeatHab,REconAct,REarnD
351397.0,2,38.0,4,3,4,5,2,1,0,0
352779.0,1,47.0,2,4,2,5,2,1,0,0
350857.0,2,87.0,3,2,4,5,2,1,0,0
351494.0,2,57.0,3,3,3,5,2,1,0,0
350316.0,1,82.0,2,2,4,5,2,1,0,0
352864.0,2,80.0,3,3,4,5,2,1,0,0
351004.0,2,62.0,3,4,2,5,2,1,0,0
350023.0,1,76.0,2,2,2,3,2,1,0,0
352452.0,2,52.0,2,2,2,5,2,1,0,0
352069.0,2,36.0,2,2,2,4,2,1,1,2
352858.0,2,52.0,3,4,4,5,2,1,0,0
351455.0,1,46.0,3,2,3,5,2,1,1,5
350559.0,2,42.0,2,4,2,5,2,1,1,1
351696.0,1,45.0,4,4,4,5,2,1,0,0
352482.0,2,56.0,2,4,4,1,2,1,1,2
350119.0,1,36.0,1,4,1,5,2,1,1,9
351774.0,1,38.0,3,3,3,5,2,1,1,0
352567.0,1,74.0,5,4,5,5,2,0,0,0
351755.0,2,58.0,2,2,4,5,2,1,0,0
350441.0,2,40.0,2,2,4,5,2,1,1,0
351524.0,1,72.0,3,4,2,5,2,1,0,0
351427.0,1,72.0,3,3,2,5,2,1,0,0
352141.0,1,74.0,3,2,4,5,2,1,0,0
351161.0,1,66.0,3,2,4,4,2,1,0,0
352773.0,1,28.0,4,4,2,5,2,1,0,0
352416.0,2,71.0,2,4,4,4,2,1,0,0
350223.0,1,27.0,3,4,1,5,2,0,1,6
352763.0,2,32.0,3,4,5,5,2,1,1,3
351017.0,2,35.0,3,5,3,5,2,1,1,2
351143.0,2,32.0,3,2,4,5,2,1,1,3
351467.0,2,44.0,3,2,3,5,2,1,1,3
351928.0,1,51.0,2,2,4,5,2,1,0,0
352519.0,1,54.0,3,2,4,5,2,0,1,2
352409.0,2,43.0,2,2,4,5,2,1,0,0
350163.0,2,52.0,2,2,1,5,2,1,1,1
351844.0,2,29.0,3,4,4,4,2,1,0,0
351289.0,2,81.0,3,3,2,5,2,1,0,0
350692.0,1,51.0,2,2,4,5,2,1,0,0
351557.0,2,41.0,5,5,5,5,2,0,1,7
350807.0,2,56.0,4,4,4,5,2,1,0,0
350698.0,2,87.0,3,3,3,5,2,1,0,0
350907.0,2,38.0,2,2,4,5,2,1,1,2
351257.0,2,61.0,2,2,2,5,2,1,1,2
350025.0,1,28.0,3,2,3,5,2,1,1,6
352853.0,2,74.0,3,2,4,4,2,1,0,0
351231.0,1,43.0,2,3,5,5,2,1,1,8
352837.0,1,66.0,2,2,2,5,2,1,0,0
351282.0,1,20.0,2,2,2,4,2,1,1,3
351759.0,1,80.0,3,2,4,4,2,1,0,0
351120.0,1,46.0,3,3,3,5,2,1,1,0
352480.0,2,57.0,2,4,2,5,2,1,0,0
352479.0,2,57.0,3,2,3,5,2,1,0,0
350054.0,2,25.0,2,2,4,5,2,1,0,0
350610.0,2,56.0,2,2,5,3,2,1,1,2
350521.0,2,55.0,3,2,3,5,2,1,0,0
350571.0,2,26.0,2,2,4,5,2,1,0,0
351486.0,2,58.0,2,2,2,5,2,1,0,0
350468.0,1,23.0,2,2,2,4,2,1,1,3
352337.0,1,28.0,4,3,4,4,2,1,1,5
350028.0,2,26.0,5,5,5,5,2,0,0,0
352789.0,1,44.0,3,3,5,5,2,1,0,0
350088.0,1,52.0,3,3,3,5,2,1,0,0
350264.0,1,62.0,3,4,4,3,2,1,0,0
350495.0,2,90.0,3,3,3,5,2,1,0,0
350045.0,1,35.0,2,2,2,5,2,1,1,7
350328.0,2,24.0,2,2,2,5,2,1,1,3
351099.0,2,30.0,4,4,4,5,2,0,0,0
352166.0,1,33.0,2,2,4,5,2,1,1,8
351196.0,2,80.0,4,2,4,5,2,1,0,0
352055.0,2,50.0,2,2,4,5,2,1,0,0
352685.0,1,43.0,2,2,2,4,2,1,1,3
352063.0,2,62.0,2,2,5,5,2,1,0,0
351477.0,1,70.0,2,4,2,5,2,1,1,0
352412.0,1,68.0,3,2,2,2,2,1,0,0
351173.0,2,36.0,2,2,3,5,2,1,0,0
351010.0,1,58.0,4,4,4,2,2,1,1,0
351063.0,2,92.0,4,4,4,5,2,1,0,0
352071.0,2,75.0,2,2,4,4,2,1,0,0
350601.0,1,41.0,5,4,4,5,2,0,0,0
351283.0,2,66.0,5,5,4,5,2,0,0,0
350666.0,2,46.0,2,3,2,5,2,0,0,0
351515.0,1,40.0,4,2,2,3,2,1,1,7
351217.0,1,43.0,4,2,2,5,2,1,1,6
350661.0,1,26.0,4,4,4,4,2,1,0,0
351491.0,1,48.0,1,1,4,5,2,1,0,0
351233.0,1,51.0,4,4,5,4,2,1,1,9
352656.0,2,36.0,2,4,4,5,2,1,0,0
352812.0,2,50.0,2,4,2,5,2,1,1,10
350788.0,1,56.0,2,2,4,5,2,1,1,3
352726.0,1,46.0,2,2,1,5,2,1,0,0
352786.0,1,53.0,2,2,2,5,2,1,0,0
350534.0,2,76.0,4,2,0,5,2,1,0,0
350891.0,2,49.0,2,2,2,5,2,1,1,2
350695.0,1,52.0,2,2,4,5,2,1,1,6
351327.0,2,29.0,2,2,4,5,2,1,0,0
351862.0,2,42.0,3,2,3,5,2,1,0,0
352757.0,2,69.0,3,3,3,5,2,1,0,0
350480.0,1,51.0,2,2,4,5,2,1,1,8
350673.0,2,74.0,2,2,2,5,2,1,0,0
352660.0,1,66.0,1,2,1,4,2,1,0,0
351815.0,1,54.0,2,2,1,4,2,1,1,1
352018.0,1,75.0,3,3,2,5,2,1,1,0
352287.0,1,67.0,1,1,1,5,2,1,0,0
351761.0,2,60.0,3,4,4,5,2,1,0,0
350658.0,1,79.0,3,3,3,4,2,1,0,0
351935.0,2,33.0,3,3,3,5,2,1,0,0
352362.0,2,33.0,3,4,4,5,2,1,0,0
351411.0,2,53.0,4,4,4,5,2,1,1,10
350491.0,2,62.0,2,2,2,5,2,1,0,0
351076.0,2,66.0,2,4,4,4,2,1,0,0
351361.0,1,57.0,4,4,4,5,2,1,1,0
351690.0,2,78.0,3,3,3,5,2,1,0,0
350795.0,1,56.0,4,4,5,5,2,1,0,0
350144.0,2,66.0,3,3,4,5,2,1,1,3
352572.0,1,53.0,4,4,5,5,2,1,1,7
350360.0,2,46.0,3,3,4,4,2,1,1,4
350960.0,2,28.0,2,2,2,5,2,1,1,8
351326.0,2,58.0,3,4,2,5,2,1,1,6
352598.0,2,73.0,2,4,2,2,2,1,0,0
350963.0,1,81.0,2,4,3,5,2,1,0,0
350506.0,2,66.0,3,2,3,4,2,1,1,7
352445.0,1,50.0,5,5,5,4,2,1,1,5
350691.0,1,86.0,3,4,2,5,2,1,0,0
350619.0,2,70.0,3,4,3,5,2,1,0,0
352360.0,2,41.0,4,4,4,5,2,1,1,2
352710.0,2,83.0,4,3,3,2,2,1,0,0
351363.0,2,48.0,4,4,2,5,2,1,1,6
351031.0,1,67.0,2,4,3,5,2,1,0,0
351895.0,2,42.0,5,4,4,5,2,1,1,4
351721.0,1,81.0,4,4,4,5,2,1,0,0
350708.0,1,20.0,4,2,3,3,2,1,0,0
350875.0,2,50.0,3,3,3,5,2,1,1,2
350313.0,2,29.0,3,3,3,5,2,1,0,0
350901.0,1,29.0,3,3,0,4,2,1,0,0
350933.0,1,25.0,3,2,4,4,2,1,1,4
351694.0,1,64.0,4,4,4,5,2,1,1,2
350036.0,1,22.0,3,4,4,5,2,1,0,0
351234.0,2,60.0,4,3,4,5,2,1,1,3
352456.0,1,36.0,2,2,4,2,2,1,1,5
350408.0,2,69.0,3,4,3,5,2,1,0,0
351705.0,2,58.0,3,4,4,3,2,1,1,9
351226.0,2,53.0,3,4,3,5,2,1,1,4
351980.0,1,39.0,5,5,4,3,2,1,1,0
351881.0,1,58.0,2,2,3,3,2,1,0,0
350285.0,1,39.0,4,2,3,4,2,1,1,9
350611.0,1,73.0,2,2,4,4,2,1,0,0
352453.0,1,45.0,3,2,2,5,2,1,1,6
350047.0,1,80.0,4,4,4,5,2,1,0,0
351675.0,1,19.0,3,3,3,5,2,1,1,2
352696.0,2,46.0,4,4,4,4,2,1,1,9
352000.0,1,72.0,2,2,3,2,2,1,0,0
351906.0,1,27.0,1,2,5,4,2,1,1,7
352856.0,2,51.0,4,4,3,5,2,1,1,4
352215.0,1,43.0,5,2,4,5,2,1,1,10
351279.0,2,35.0,3,3,3,4,2,1,1,10
351093.0,1,50.0,5,5,5,5,2,1,1,5
350654.0,2,35.0,1,1,1,5,2,1,1,5
350878.0,1,85.0,3,4,3,5,2,1,0,0
352737.0,1,28.0,3,3,4,4,2,1,1,4
350527.0,2,45.0,5,4,5,4,2,0,1,7
351913.0,1,28.0,4,3,5,4,2,1,1,7
351660.0,2,35.0,4,4,4,4,2,1,1,5
350562.0,2,29.0,2,2,4,5,2,1,0,0
350766.0,1,72.0,4,5,5,4,2,0,0,0
352210.0,2,62.0,3,3,3,5,2,1,1,3
351642.0,2,53.0,2,2,2,5,2,1,0,0
350320.0,2,46.0,2,4,2,5,2,1,1,0
350309.0,2,40.0,5,5,5,5,2,1,1,3
351876.0,2,46.0,4,3,3,4,2,1,1,8
352157.0,1,48.0,3,4,3,5,2,1,1,8
350713.0,1,34.0,4,4,3,5,2,1,1,9
350472.0,1,40.0,1,5,1,5,2,1,1,8
350178.0,1,41.0,1,3,2,5,2,1,1,0
352421.0,1,34.0,2,4,2,5,2,1,1,5
352128.0,1,72.0,4,4,4,4,2,1,0,0
352690.0,1,26.0,3,3,3,4,2,1,1,8
350062.0,2,50.0,4,4,2,5,2,1,1,7
350659.0,2,53.0,3,4,4,5,2,1,1,6
350251.0,2,38.0,3,2,4,4,2,1,0,0
351065.0,2,56.0,1,4,1,5,2,1,1,5
351806.0,1,67.0,3,4,2,4,2,1,0,0
351766.0,2,65.0,5,5,5,5,2,0,1,8
352144.0,2,30.0,3,4,4,3,2,1,1,3
350420.0,1,84.0,5,4,4,5,2,1,0,0
352237.0,2,25.0,1,1,1,4,2,1,1,3
352712.0,1,23.0,3,3,3,3,2,1,1,7
351877.0,2,36.0,4,4,4,3,2,1,0,0
351184.0,1,46.0,4,4,4,4,2,1,1,10
351614.0,2,34.0,2,2,2,4,2,1,1,10
352528.0,1,70.0,2,2,2,5,2,1,0,0
350296.0,2,64.0,2,2,2,4,2,1,0,0
350868.0,1,38.0,4,4,4,5,2,1,1,6
352263.0,1,53.0,3,4,3,4,2,1,0,0
352253.0,1,65.0,4,4,4,5,2,1,0,0
350650.0,1,35.0,2,2,4,4,2,1,1,6
351168.0,1,57.0,5,3,3,5,2,1,0,0
351793.0,1,26.0,2,2,4,5,2,1,0,0
352498.0,1,72.0,1,2,2,5,2,1,0,0
352515.0,2,35.0,4,2,4,5,2,1,1,3
350756.0,1,79.0,4,4,4,5,2,1,0,0
352709.0,1,52.0,2,2,2,5,2,1,1,6
350418.0,2,43.0,2,2,2,5,2,1,1,2
351672.0,1,84.0,4,4,4,4,2,1,0,0
351368.0,1,53.0,2,4,4,5,2,1,1,5
351144.0,2,41.0,3,2,4,4,2,1,1,2
351839.0,1,70.0,2,2,3,5,2,1,1,3
350377.0,1,74.0,2,2,3,5,2,1,0,0
352440.0,2,31.0,3,4,3,5,2,0,1,4
352255.0,1,26.0,2,2,1,5,2,1,0,0
351253.0,2,31.0,4,5,5,4,2,0,1,1
352222.0,1,45.0,5,4,2,4,2,1,1,10
352796.0,2,87.0,3,2,2,4,2,1,0,0
350671.0,1,47.0,4,4,4,5,2,1,0,0
350403.0,1,68.0,2,4,2,5,2,1,0,0
351451.0,2,62.0,2,2,2,5,2,1,1,8
352202.0,1,31.0,2,2,2,4,2,1,1,9
351885.0,1,59.0,3,3,4,5,2,1,1,7
350046.0,1,44.0,2,3,3,5,2,1,1,1
351917.0,1,29.0,2,2,2,4,2,1,1,5
350849.0,1,42.0,2,4,2,5,2,1,1,8
351612.0,1,55.0,2,2,4,4,2,1,1,5
350350.0,2,42.0,2,4,3,5,2,1,1,3
351351.0,2,44.0,3,2,2,5,2,1,1,3
352781.0,2,54.0,4,4,4,5,2,1,1,8
351030.0,2,22.0,4,4,4,4,2,1,1,5
352073.0,2,30.0,2,2,3,5,2,1,1,0
350134.0,2,75.0,4,4,4,4,2,1,0,0
350306.0,1,45.0,2,4,3,5,2,1,0,0
352872.0,1,59.0,2,1,2,1,2,1,1,3
351145.0,2,56.0,3,4,3,4,2,1,0,0
350150.0,2,77.0,2,2,2,5,2,1,0,0
350130.0,1,69.0,2,2,2,4,2,1,0,0
352859.0,1,24.0,2,2,3,5,2,1,1,0
351425.0,1,48.0,5,5,5,4,2,1,1,8
350083.0,2,27.0,2,2,2,5,2,1,1,6
351837.0,2,34.0,4,4,5,4,2,1,0,0
350784.0,2,41.0,3,3,4,5,2,1,0,0
352152.0,1,23.0,2,2,4,5,2,1,1,5
350215.0,2,38.0,4,4,4,5,2,1,1,5
352427.0,2,81.0,2,2,2,5,2,1,0,0
350031.0,2,78.0,3,3,3,5,2,1,0,0
351821.0,1,26.0,1,4,5,4,2,1,1,4
352590.0,2,62.0,3,3,2,5,2,1,0,0
351763.0,2,53.0,3,3,4,5,2,1,1,3
350160.0,2,42.0,2,2,4,5,2,1,1,1
351111.0,2,59.0,3,3,3,4,2,1,0,0
351006.0,2,62.0,2,4,4,5,2,1,1,10
350694.0,2,72.0,4,4,4,4,2,1,0,0
352034.0,1,42.0,3,3,3,5,2,1,1,7
350657.0,1,71.0,4,4,4,5,2,1,0,0
352741.0,2,80.0,3,3,3,4,2,1,0,0
351559.0,1,36.0,2,4,3,5,1,1,1,10
351311.0,2,59.0,3,3,3,5,1,1,1,2
351756.0,2,51.0,2,4,3,4,1,1,1,9
350646.0,1,68.0,3,3,3,5,1,1,0,0
350248.0,1,55.0,2,2,2,5,1,1,1,9
350393.0,2,59.0,2,2,2,5,1,1,1,4
352747.0,1,84.0,3,3,3,5,1,1,0,0
352771.0,2,42.0,3,3,4,5,1,1,1,3
350764.0,1,51.0,4,4,4,4,1,1,1,10
352604.0,1,61.0,1,1,1,5,1,1,1,6
352827.0,1,52.0,3,2,2,4,1,1,1,6
350380.0,1,69.0,3,3,3,5,1,1,0,0
350913.0,2,62.0,4,2,2,5,1,1,0,0
351749.0,1,66.0,3,5,3,5,1,1,0,0
352075.0,2,67.0,3,3,3,4,1,1,0,0
351386.0,2,23.0,2,2,4,4,1,1,0,0
350660.0,2,43.0,3,3,4,5,1,1,1,3
351417.0,1,51.0,2,2,2,5,1,1,1,8
352687.0,2,20.0,4,2,4,5,1,1,1,2
350262.0,2,67.0,3,2,3,5,1,1,0,0
350567.0,1,40.0,2,2,2,5,1,1,0,0
350300.0,2,34.0,3,2,2,4,1,1,1,5
351218.0,1,22.0,2,1,2,5,1,1,0,0
351009.0,2,39.0,2,1,4,5,1,1,1,5
350142.0,2,41.0,2,2,4,5,1,1,1,2
352798.0,1,65.0,3,1,3,5,1,1,0,0
350707.0,1,52.0,2,2,2,5,1,1,1,10
352838.0,2,48.0,3,2,4,4,1,1,1,4
350697.0,1,69.0,2,2,1,5,1,1,0,0
351050.0,2,45.0,5,5,5,5,1,0,1,8
352258.0,2,34.0,3,4,5,4,1,1,1,9
350245.0,2,74.0,3,4,3,5,1,0,0,0
350135.0,2,37.0,3,3,3,5,1,1,1,9
352672.0,2,35.0,2,4,4,5,1,1,1,3
350355.0,2,64.0,4,4,4,5,1,1,0,0
352795.0,2,81.0,3,2,3,5,1,1,0,0
350032.0,1,27.0,2,2,2,5,1,1,1,9
351601.0,2,25.0,2,2,2,5,1,1,1,5
350550.0,1,56.0,2,4,3,5,1,1,1,6
350291.0,2,69.0,4,4,4,5,1,1,0,0
350084.0,2,60.0,1,2,2,2,1,1,1,1
352585.0,2,67.0,3,3,3,5,1,1,0,0
351789.0,1,45.0,3,3,5,5,1,1,1,10
350096.0,1,62.0,2,2,2,5,1,1,1,10
351871.0,1,37.0,4,4,3,5,1,1,1,10
352569.0,2,81.0,4,2,0,5,1,1,0,0
352612.0,2,73.0,4,3,4,5,1,1,0,0
351537.0,2,48.0,3,2,3,5,1,1,0,0
350075.0,2,60.0,3,2,4,5,1,1,0,0
352169.0,1,41.0,2,4,2,4,1,1,0,0
350710.0,1,59.0,4,4,4,4,1,1,1,10
350612.0,2,81.0,2,2,2,5,1,1,0,0
351969.0,2,52.0,4,4,0,4,1,1,1,8
351372.0,2,75.0,2,2,2,5,1,1,0,0
350972.0,1,19.0,5,3,3,4,1,1,0,0
350593.0,2,44.0,4,2,2,5,1,1,0,0
352659.0,2,34.0,2,1,4,5,1,1,1,8
352366.0,1,65.0,4,4,4,5,1,1,0,0
351572.0,2,64.0,5,4,3,4,1,1,0,0
350136.0,2,68.0,3,4,3,5,1,1,0,0
352641.0,1,38.0,3,4,3,5,1,1,1,10
350220.0,2,48.0,1,4,4,5,1,1,1,3
351561.0,1,44.0,3,3,4,5,1,1,1,6
352284.0,1,54.0,4,3,4,5,1,1,1,10
350843.0,2,56.0,2,3,4,5,1,1,0,0
352297.0,1,72.0,3,3,3,4,1,1,0,0
350359.0,2,45.0,2,2,2,5,1,1,0,0
352031.0,1,70.0,3,4,3,4,1,1,1,8
351776.0,2,69.0,3,2,3,5,1,1,0,0
352129.0,2,39.0,2,2,4,4,1,1,1,3
352575.0,2,81.0,3,4,4,4,1,1,0,0
351201.0,2,20.0,2,2,4,4,1,1,1,2
350528.0,2,71.0,4,4,4,4,1,1,0,0
351961.0,1,54.0,3,2,2,5,1,1,1,10
351224.0,1,59.0,2,2,2,5,1,1,0,0
351115.0,1,43.0,5,5,4,5,1,1,1,9
352098.0,2,60.0,3,2,2,3,1,1,0,0
351618.0,1,60.0,2,2,4,4,1,1,0,0
351637.0,2,30.0,3,3,3,4,1,1,1,4
352764.0,1,54.0,3,4,4,5,1,1,1,3
350644.0,2,48.0,4,2,5,5,1,1,1,5
351596.0,2,76.0,4,4,2,5,1,0,0,0
351854.0,1,69.0,3,3,3,4,1,1,0,0
352243.0,2,41.0,3,3,4,5,1,1,1,8
350105.0,2,27.0,4,4,5,5,1,1,1,6
351887.0,2,63.0,5,5,5,5,1,1,0,0
350421.0,1,26.0,1,1,3,5,1,1,1,0
350906.0,2,34.0,4,3,4,5,1,1,1,5
350998.0,2,80.0,3,4,3,5,1,1,0,0
351619.0,2,29.0,2,3,3,5,1,1,1,5
352623.0,1,59.0,4,5,3,5,1,1,1,10
351230.0,2,74.0,4,4,3,5,1,1,0,0
351140.0,2,44.0,5,4,5,5,1,1,1,9
351547.0,1,56.0,2,3,3,5,1,1,1,4
352748.0,1,84.0,4,5,4,4,1,1,0,0
352579.0,1,61.0,2,3,3,4,1,1,0,0
351286.0,2,61.0,5,5,4,4,1,1,0,0
352589.0,2,36.0,3,4,4,5,1,1,1,4
352647.0,2,69.0,4,4,4,5,1,1,1,4
352573.0,1,38.0,1,4,2,5,1,1,1,10
352094.0,2,72.0,3,4,3,5,1,1,0,0
352540.0,2,56.0,4,4,3,4,1,1,0,0
350388.0,1,29.0,3,2,3,5,1,1,0,0
350599.0,1,50.0,2,3,2,5,1,1,0,0
352581.0,1,88.0,3,4,3,4,1,1,0,0
352143.0,2,28.0,3,4,3,5,1,1,1,4
352405.0,1,44.0,1,4,3,5,1,0,1,7
352424.0,1,36.0,4,4,2,5,1,1,1,10
352716.0,1,39.0,5,4,4,5,1,0,1,6
352032.0,1,94.0,2,2,1,5,1,1,0,0
352610.0,1,32.0,3,2,4,5,3,1,0,0
352803.0,1,57.0,3,2,3,5,3,1,0,0
352103.0,1,64.0,2,3,3,5,3,1,0,0
352365.0,2,67.0,3,4,2,5,3,1,0,0
352380.0,2,33.0,3,4,5,5,3,1,1,3
350131.0,2,84.0,4,4,4,5,3,1,0,0
350719.0,1,53.0,2,2,4,5,3,1,0,0
350688.0,2,54.0,4,4,4,4,3,0,1,5
351904.0,1,84.0,2,4,3,5,3,1,0,0
352718.0,1,69.0,2,4,2,5,3,1,0,0
352640.0,2,44.0,1,2,2,5,3,1,1,3
351052.0,1,53.0,4,2,4,4,3,1,1,5
351012.0,1,72.0,2,2,2,5,3,1,0,0
352504.0,2,73.0,2,2,3,5,3,1,0,0
350517.0,2,57.0,2,2,3,5,3,1,1,7
350895.0,2,84.0,3,4,3,1,3,0,0,0
350804.0,2,28.0,3,4,5,5,3,1,0,0
351585.0,2,32.0,3,3,3,5,3,1,0,0
351726.0,1,19.0,3,4,5,4,3,1,0,0
351290.0,2,66.0,2,4,5,3,3,1,0,0
352307.0,2,65.0,1,2,1,5,1,1,0,0
351001.0,2,47.0,4,3,5,5,1,1,1,9
352609.0,2,35.0,2,4,4,5,1,1,1,6
351599.0,1,53.0,5,4,4,5,1,1,1,10
351608.0,2,46.0,3,3,4,5,1,1,1,3
352057.0,2,37.0,2,3,4,5,1,1,1,3
351053.0,2,72.0,2,4,2,3,1,1,0,0
351591.0,1,26.0,4,2,3,4,1,1,1,4
350416.0,1,70.0,3,4,4,2,1,1,0,0
351247.0,1,55.0,5,3,3,3,1,1,1,7
352241.0,1,88.0,4,2,2,4,1,1,0,0
351072.0,2,69.0,1,5,1,5,1,1,0,0
352109.0,2,68.0,3,4,3,5,1,1,0,0
350818.0,1,73.0,2,2,2,5,1,1,0,0
352606.0,1,54.0,2,3,3,4,1,1,1,10
350967.0,1,84.0,3,4,5,5,1,0,0,0
351946.0,2,24.0,3,2,4,5,1,1,1,5
351780.0,1,32.0,2,2,2,5,1,1,0,0
351998.0,2,55.0,2,3,3,5,1,1,1,4
350494.0,2,29.0,4,3,2,5,1,1,0,0
352317.0,2,68.0,4,3,3,5,1,1,0,0
352825.0,2,54.0,3,5,5,5,1,1,1,4
351422.0,1,85.0,1,2,3,4,1,1,0,0
351358.0,2,58.0,5,3,2,4,1,1,1,2
351989.0,2,52.0,3,2,2,5,1,1,1,10
351812.0,2,60.0,3,2,2,5,1,1,0,0
350957.0,1,41.0,2,2,2,5,1,1,1,4
352423.0,2,67.0,1,4,3,5,1,1,0,0
352682.0,2,59.0,2,4,4,5,1,1,1,3
351770.0,2,60.0,2,2,2,4,1,1,0,0
352279.0,1,67.0,2,2,2,5,1,1,0,0
350783.0,2,41.0,4,4,5,5,1,1,0,0
352232.0,1,53.0,4,5,3,5,1,1,1,8
351979.0,2,29.0,2,2,3,5,1,1,1,7
351301.0,2,68.0,3,2,2,5,1,1,1,10
351092.0,1,58.0,3,3,3,3,1,1,1,0
352106.0,1,73.0,3,4,4,5,1,0,0,0
352621.0,2,37.0,3,2,3,5,1,1,0,0
352861.0,2,49.0,3,3,3,5,1,1,0,0
352876.0,2,88.0,3,2,2,4,1,1,0,0
350049.0,2,73.0,2,2,2,5,1,1,0,0
351314.0,2,27.0,1,1,1,5,1,1,0,0
350651.0,2,43.0,3,5,1,5,1,0,1,5
352506.0,1,49.0,4,5,5,5,1,0,1,5
352447.0,2,41.0,2,2,2,5,1,1,0,0
351167.0,1,63.0,2,2,2,5,1,1,0,0
350947.0,2,29.0,2,3,4,4,1,1,1,5
352376.0,2,52.0,3,4,4,5,1,1,1,8
351792.0,2,35.0,4,3,4,5,1,1,0,0
350883.0,1,54.0,3,3,4,5,1,1,1,0
352023.0,1,39.0,3,1,5,5,1,1,1,4
352627.0,1,53.0,4,4,5,5,1,1,1,8
350067.0,2,71.0,2,2,3,5,1,1,0,0
351820.0,2,56.0,2,2,3,5,1,1,1,0
350177.0,1,52.0,4,2,4,5,1,1,1,4
352613.0,2,44.0,4,4,4,5,1,1,1,7
351260.0,1,78.0,5,5,5,3,1,1,0,0
351025.0,2,22.0,2,2,4,5,1,1,1,4
351786.0,2,24.0,3,2,4,5,1,1,1,3
350821.0,1,32.0,2,4,2,5,1,1,1,2
350950.0,1,46.0,1,3,2,5,1,1,0,0
350349.0,2,53.0,2,2,4,5,1,1,1,2
350880.0,1,36.0,2,2,4,5,1,1,1,4
351919.0,1,24.0,5,5,3,4,1,1,0,0
351209.0,1,74.0,4,4,2,5,1,1,0,0
351320.0,1,41.0,3,4,2,5,1,1,1,0
350108.0,1,40.0,2,2,4,5,1,1,1,5
350744.0,1,70.0,2,3,2,4,1,1,1,0
350358.0,2,33.0,2,2,4,5,1,0,0,0
350637.0,1,42.0,2,4,3,5,1,1,0,0
350519.0,2,23.0,2,2,4,5,1,1,0,0
352042.0,1,48.0,3,3,3,5,1,1,1,6
352729.0,2,57.0,2,4,3,5,1,1,0,0
350182.0,1,62.0,3,5,3,5,1,1,0,0
350184.0,2,91.0,2,4,4,5,1,1,0,0
351444.0,1,61.0,2,4,4,4,1,1,1,4
350876.0,1,52.0,5,4,3,5,1,1,1,9
351439.0,2,82.0,2,2,0,5,1,0,0,0
351926.0,2,38.0,4,4,4,5,1,0,1,10
350165.0,2,18.0,2,4,4,4,1,1,0,0
352049.0,1,68.0,2,4,2,5,1,1,0,0
351117.0,1,60.0,3,4,4,5,1,1,1,7
351248.0,1,63.0,4,3,4,5,1,1,0,0
350024.0,2,46.0,2,4,4,5,1,1,0,0
351963.0,1,43.0,2,2,2,5,1,1,1,10
352047.0,2,24.0,3,2,4,4,1,1,1,6
351387.0,2,66.0,4,4,4,4,1,1,0,0
351172.0,1,47.0,1,2,2,5,1,1,1,4
350745.0,1,67.0,3,3,3,4,1,1,1,10
350499.0,1,48.0,2,2,2,4,1,1,1,8
351568.0,1,47.0,2,2,2,5,1,1,0,0
351400.0,2,28.0,4,2,5,5,1,0,0,0
351709.0,1,61.0,1,1,1,5,1,1,1,3
351977.0,2,84.0,2,4,4,3,1,1,0,0
352735.0,2,70.0,2,2,3,5,1,1,0,0
352474.0,1,65.0,3,2,3,5,1,1,0,0
350785.0,1,20.0,3,3,4,5,1,1,1,1
351121.0,2,70.0,2,2,4,5,1,1,0,0
352490.0,1,38.0,3,4,4,5,1,1,1,9
351296.0,1,35.0,2,4,4,4,1,1,0,0
352525.0,2,60.0,2,2,2,3,1,1,1,2
352338.0,2,67.0,5,5,5,1,1,1,0,0
350597.0,2,36.0,3,4,4,5,1,0,1,6
352551.0,1,37.0,2,2,3,3,1,1,1,9
352127.0,2,69.0,3,3,3,4,1,1,0,0
350976.0,2,60.0,3,3,3,5,1,1,0,0
351399.0,1,73.0,2,2,2,5,1,1,0,0
350796.0,2,72.0,2,4,2,5,1,1,0,0
352620.0,2,75.0,3,2,3,5,1,1,0,0
352315.0,1,31.0,2,2,2,4,1,1,1,10
352038.0,2,32.0,5,5,5,3,1,0,1,2
352633.0,1,54.0,5,5,5,4,1,1,1,10
352738.0,1,35.0,2,2,3,5,1,1,1,8
350269.0,1,52.0,4,4,3,3,1,1,1,10
350778.0,1,18.0,3,1,4,4,1,1,0,0
350034.0,2,30.0,4,3,4,4,1,1,1,5
352092.0,2,31.0,3,2,3,5,1,1,1,4
351430.0,1,36.0,5,4,3,5,1,1,1,8
350840.0,2,76.0,3,3,2,4,1,1,0,0
352512.0,2,27.0,3,2,2,5,1,1,1,5
352531.0,2,18.0,3,4,4,4,1,1,0,0
351735.0,2,39.0,3,4,4,5,1,1,1,3
351531.0,2,48.0,2,2,2,4,1,1,0,0
350463.0,1,55.0,2,4,0,4,1,1,1,9
351074.0,2,18.0,2,2,4,5,1,1,1,3
350531.0,1,40.0,2,2,2,5,1,1,1,0
351452.0,2,77.0,1,4,3,4,1,1,1,1
351152.0,2,69.0,2,2,2,5,1,1,0,0
350307.0,2,49.0,4,4,4,5,1,1,1,8
351808.0,2,78.0,1,4,2,4,1,1,0,0
350422.0,2,35.0,2,2,4,5,1,1,1,6
351334.0,2,26.0,3,3,4,5,1,1,1,3
350228.0,2,56.0,2,2,4,5,1,1,1,5
350183.0,1,69.0,3,4,5,5,1,1,0,0
352099.0,2,57.0,2,2,3,5,1,1,0,0
352182.0,1,70.0,4,2,2,5,1,1,1,2
351474.0,2,66.0,1,1,1,3,1,1,1,0
352849.0,2,68.0,3,2,2,5,1,1,0,0
350128.0,1,39.0,4,2,5,4,1,1,1,10
351493.0,2,43.0,5,5,4,5,1,1,1,3
351893.0,1,37.0,1,2,3,5,1,1,0,0
350890.0,1,66.0,4,3,3,4,1,1,0,0
352626.0,2,66.0,5,4,4,5,1,1,0,0
352387.0,1,76.0,4,4,4,5,1,1,0,0
352372.0,2,35.0,1,1,3,5,1,1,0,0
351586.0,1,59.0,4,4,4,4,1,1,0,0
352680.0,2,24.0,2,2,4,5,1,1,1,1
351205.0,2,54.0,2,2,3,5,1,1,1,7
350632.0,1,49.0,3,4,5,5,1,1,1,5
351482.0,2,24.0,1,1,2,5,1,1,0,0
352663.0,1,50.0,3,3,3,5,1,1,1,4
352679.0,2,55.0,4,4,3,5,1,1,0,0
350111.0,2,25.0,2,4,2,5,1,1,1,5
352670.0,1,62.0,3,3,3,5,1,1,1,0
352093.0,2,72.0,3,4,3,5,1,1,0,0
350040.0,1,54.0,5,3,3,5,1,1,1,6
352383.0,2,41.0,2,2,2,4,1,1,1,0
351711.0,1,21.0,2,3,2,5,1,1,0,0
351685.0,1,47.0,2,3,4,5,1,1,0,0
351211.0,2,46.0,1,1,4,5,1,1,1,0
352091.0,1,49.0,3,3,4,5,1,1,0,0
351096.0,2,35.0,3,2,2,5,1,1,1,4
350995.0,2,28.0,3,2,4,4,1,1,1,1
350864.0,2,60.0,3,4,3,5,1,1,1,4
352580.0,2,27.0,3,3,3,5,1,1,1,1
352823.0,2,36.0,4,4,3,4,1,1,1,2
351982.0,1,61.0,5,5,5,1,1,1,0,0
350230.0,2,70.0,3,3,3,4,1,1,0,0
351567.0,2,42.0,3,3,3,5,1,1,0,0
350905.0,2,83.0,3,3,3,4,1,1,0,0
350371.0,2,81.0,3,3,3,4,1,1,0,0
350516.0,1,47.0,3,4,4,4,1,1,1,6
352437.0,2,79.0,3,1,1,4,1,1,0,0
350546.0,2,75.0,3,3,2,4,1,1,0,0
351657.0,2,47.0,3,3,3,4,1,1,1,1
350770.0,2,18.0,3,3,3,4,1,1,1,2
350076.0,2,89.0,3,3,3,4,1,1,0,0
350391.0,1,75.0,3,3,3,4,1,1,0,0
352105.0,2,67.0,3,2,3,5,1,1,0,0
352788.0,1,61.0,3,3,3,4,1,1,1,7
350190.0,2,79.0,3,3,4,5,1,1,0,0
350018.0,2,56.0,3,3,4,5,1,1,0,0
350366.0,1,49.0,2,3,2,5,1,1,1,4
350978.0,2,70.0,3,2,2,5,1,1,0,0
352595.0,2,25.0,3,3,3,5,1,1,0,0
350015.0,2,25.0,2,2,3,3,1,1,0,0
350461.0,2,26.0,3,4,4,5,1,1,0,0
352249.0,2,28.0,2,2,3,5,1,1,1,2
351249.0,1,67.0,4,4,4,5,1,1,0,0
351508.0,2,32.0,2,4,2,5,1,1,1,4
350968.0,2,67.0,1,2,2,2,1,1,0,0
351654.0,2,32.0,1,2,2,5,1,1,1,1
350283.0,2,25.0,2,2,2,5,1,1,0,0
352100.0,2,38.0,2,2,2,5,1,1,0,0
350576.0,2,73.0,3,4,3,5,1,1,0,0
351418.0,1,74.0,2,2,2,5,1,1,0,0
351379.0,1,55.0,2,4,2,2,1,1,1,0
351398.0,1,30.0,3,3,3,5,1,1,0,0
351947.0,2,83.0,3,3,3,5,1,1,0,0
351496.0,2,44.0,3,3,2,5,1,1,1,0
350415.0,1,74.0,4,3,3,5,1,1,0,0
352648.0,1,73.0,4,2,4,2,1,1,0,0
351787.0,2,78.0,2,4,4,4,1,1,0,0
351736.0,2,22.0,3,4,4,4,1,1,1,1
350447.0,2,67.0,1,3,2,5,1,1,0,0
351678.0,2,61.0,3,3,3,4,1,1,1,1
350305.0,1,23.0,4,2,2,4,1,1,1,6
352564.0,2,39.0,5,5,5,5,1,0,1,2
351219.0,2,66.0,4,4,4,4,1,1,0,0
350945.0,2,53.0,3,2,4,5,1,1,1,5
350689.0,1,68.0,3,3,3,5,1,1,0,0
351022.0,2,51.0,3,2,3,5,1,1,1,0
352578.0,2,46.0,3,2,5,5,1,1,1,2
351360.0,2,79.0,4,4,4,5,1,1,0,0
352078.0,1,37.0,2,2,2,5,1,1,1,2
352122.0,1,69.0,3,2,3,5,1,1,0,0
352629.0,2,66.0,2,4,4,5,1,1,0,0
350620.0,1,58.0,4,3,2,5,1,1,0,0
351898.0,1,57.0,1,1,1,5,1,1,1,4
352089.0,1,78.0,3,3,3,4,1,1,0,0
351849.0,2,31.0,3,3,3,5,1,1,1,4
350169.0,2,71.0,4,4,4,5,1,1,0,0
350488.0,2,38.0,2,3,2,3,1,1,1,10
351677.0,1,52.0,3,2,3,4,1,1,1,4
350094.0,2,81.0,4,4,4,5,1,1,0,0
350343.0,2,37.0,2,4,3,5,1,1,0,0
350598.0,2,41.0,3,3,3,5,1,1,1,3
352132.0,1,61.0,1,1,1,5,1,1,1,1
350774.0,2,48.0,3,2,3,4,1,1,1,6
350347.0,2,30.0,4,2,4,5,1,1,0,0
352308.0,2,53.0,3,4,4,5,1,1,1,4
351122.0,2,46.0,3,3,3,5,1,1,1,4
351228.0,1,50.0,2,2,4,5,1,1,1,7
350552.0,2,55.0,3,3,4,5,1,1,1,5
351589.0,1,52.0,3,3,3,5,1,1,1,4
350558.0,2,54.0,4,4,4,5,1,1,1,2
351778.0,2,81.0,4,4,4,5,1,1,0,0
352062.0,2,43.0,2,2,2,5,1,1,1,1
352036.0,2,39.0,2,2,2,5,1,1,1,2
350322.0,1,27.0,5,4,4,5,1,1,1,5
350153.0,2,49.0,3,4,4,5,1,1,1,1
351299.0,2,35.0,3,5,3,5,1,0,0,0
352004.0,2,36.0,3,3,3,5,1,1,1,3
351549.0,2,26.0,3,4,3,5,1,1,1,4
351457.0,1,46.0,3,4,2,3,1,1,1,4
351020.0,2,65.0,1,2,2,4,1,1,0,0
352431.0,2,42.0,4,4,4,5,1,1,1,10
351936.0,2,68.0,4,4,4,5,1,1,0,0
351526.0,1,68.0,3,3,3,5,1,1,0,0
351643.0,1,25.0,2,2,4,5,1,1,0,0
351040.0,2,58.0,2,4,4,5,1,1,1,6
350919.0,1,44.0,4,4,4,5,1,0,0,0
350318.0,1,41.0,4,4,4,4,1,1,1,9
350621.0,1,67.0,3,4,4,5,1,1,0,0
351192.0,2,36.0,4,2,3,4,1,1,1,10
352321.0,2,27.0,3,1,5,5,1,1,0,0
351254.0,2,22.0,2,2,4,5,1,1,0,0
350564.0,2,68.0,4,4,5,5,1,1,0,0
350926.0,2,35.0,2,4,3,5,1,1,1,8
350633.0,1,40.0,3,3,3,5,1,1,1,8
350971.0,1,62.0,2,3,3,5,1,1,1,5
351958.0,1,49.0,3,4,3,2,1,1,1,8
351434.0,1,69.0,5,5,5,4,1,1,0,0
350943.0,1,31.0,3,2,4,5,1,1,1,9
350678.0,1,75.0,2,2,1,5,1,1,0,0
350122.0,1,51.0,2,1,2,5,1,1,1,1
350194.0,2,64.0,3,4,3,5,1,1,0,0
352700.0,2,70.0,4,2,4,4,1,1,0,0
352662.0,1,37.0,3,4,5,4,1,1,1,3
352068.0,1,32.0,3,4,4,5,1,1,0,0
352375.0,2,48.0,2,2,2,3,1,1,1,4
352454.0,2,38.0,3,3,2,5,1,1,1,3
350855.0,2,79.0,4,2,4,5,1,1,0,0
351189.0,1,84.0,2,4,4,2,1,1,0,0
350173.0,1,52.0,3,3,4,3,1,1,0,0
350579.0,2,64.0,3,3,3,5,1,1,1,0
350479.0,1,58.0,2,4,3,5,1,1,1,4
352140.0,1,77.0,4,4,4,4,1,1,0,0
350635.0,2,58.0,4,2,2,5,1,1,1,2
351577.0,2,39.0,4,4,2,5,1,1,0,0
352684.0,2,26.0,2,2,3,5,1,1,0,0
351481.0,2,26.0,2,2,2,4,1,1,1,2
351060.0,2,44.0,3,3,3,4,1,1,0,0
352357.0,2,43.0,3,2,2,5,1,1,0,0
352178.0,2,36.0,3,4,5,5,1,1,1,9
350404.0,1,63.0,4,4,4,5,1,1,0,0
350257.0,1,65.0,4,4,4,5,1,1,0,0
352139.0,1,65.0,2,2,2,5,1,1,1,9
350518.0,2,71.0,3,2,2,2,1,1,0,0
351346.0,1,47.0,2,2,2,5,1,1,1,5
352465.0,1,85.0,3,4,3,4,1,1,0,0
351325.0,1,60.0,1,2,2,5,1,1,1,7
352799.0,1,62.0,1,3,1,4,1,1,1,5
351964.0,1,48.0,2,2,2,5,1,1,1,10
352646.0,2,29.0,3,3,4,4,1,1,0,0
351130.0,1,69.0,1,1,3,5,1,1,0,0
352866.0,1,35.0,2,2,4,5,1,1,1,8
350009.0,2,62.0,5,4,4,4,1,1,1,3
352180.0,1,67.0,2,2,5,2,1,1,0,0
350504.0,2,65.0,3,2,4,5,1,1,0,0
352850.0,2,30.0,3,3,4,4,1,1,0,0
350929.0,2,46.0,4,4,5,5,1,1,0,0
351432.0,1,57.0,4,4,4,5,1,1,1,3
350800.0,1,53.0,3,4,4,5,1,1,1,7
351381.0,2,25.0,3,3,2,5,1,1,0,0
351620.0,2,41.0,5,4,4,5,1,1,1,9
351966.0,2,42.0,4,4,2,5,1,1,0,0
352523.0,1,69.0,4,2,5,4,1,1,0,0
350246.0,2,69.0,3,2,4,4,1,1,0,0
351934.0,1,52.0,5,5,5,4,1,1,1,5
350841.0,1,62.0,5,3,3,4,1,1,1,7
351680.0,1,27.0,3,4,3,4,1,1,1,7
350917.0,2,61.0,5,5,5,3,1,1,1,7
351373.0,2,69.0,4,4,4,5,1,1,0,0
350704.0,1,52.0,2,2,2,5,1,1,1,2
350456.0,1,61.0,2,3,2,4,1,1,0,0
352428.0,2,19.0,3,3,4,4,1,1,0,0
350590.0,2,46.0,2,2,4,1,1,1,1,3
352116.0,1,31.0,3,4,4,5,1,1,0,0
352104.0,2,48.0,3,3,3,5,1,1,1,3
352503.0,2,53.0,3,4,3,5,1,1,0,0
352582.0,1,42.0,2,2,2,5,1,1,1,7
352481.0,1,74.0,2,2,2,4,1,1,0,0
350808.0,2,48.0,2,2,4,5,1,1,0,0
350763.0,2,61.0,4,5,4,2,1,1,1,3
351406.0,2,42.0,2,3,4,5,1,1,0,0
352368.0,1,42.0,3,3,3,5,1,1,1,10
352006.0,2,25.0,4,4,4,4,1,1,0,0
351628.0,1,76.0,2,4,2,4,1,1,1,8
350592.0,2,68.0,4,4,4,2,1,1,0,0
351428.0,1,21.0,2,2,2,5,1,1,0,0
350069.0,1,42.0,3,5,4,4,1,1,1,5
350012.0,2,69.0,3,2,3,5,1,1,0,0
350013.0,1,71.0,3,2,3,5,1,1,0,0
352123.0,2,70.0,5,3,5,5,1,0,0,0
352206.0,2,36.0,3,3,4,5,1,1,1,6
350526.0,2,27.0,3,2,3,5,1,1,0,0
351266.0,2,66.0,2,2,2,5,1,1,0,0
350617.0,1,40.0,4,4,4,4,1,1,0,0
351321.0,2,59.0,1,2,3,5,1,1,0,0
352165.0,1,26.0,2,4,2,5,1,1,1,0
351631.0,2,47.0,4,4,3,5,1,1,0,0
352181.0,2,26.0,3,4,4,5,1,1,1,3
351035.0,1,74.0,2,2,2,5,1,1,0,0
351297.0,2,51.0,3,3,3,5,1,1,1,2
351206.0,1,74.0,2,4,2,5,1,1,0,0
352521.0,2,52.0,2,3,4,5,1,1,1,3
351147.0,2,72.0,3,4,4,1,1,1,0,0
350123.0,2,44.0,2,2,2,5,1,1,1,10
352587.0,1,49.0,2,2,2,5,1,1,0,0
350924.0,2,38.0,3,2,4,5,1,1,0,0
352683.0,2,89.0,3,3,3,5,1,1,0,0
350922.0,1,76.0,2,2,0,3,1,1,0,0
352194.0,1,70.0,2,4,5,5,1,1,0,0
351294.0,2,53.0,1,2,2,5,1,1,0,0
350510.0,1,34.0,2,2,4,5,1,1,1,2
350364.0,2,81.0,2,2,2,5,1,1,0,0
350170.0,1,39.0,4,4,3,4,1,1,1,10
350475.0,1,63.0,4,4,4,4,1,1,1,4
350450.0,1,78.0,1,1,1,5,1,1,1,3
350086.0,2,46.0,4,4,5,4,1,1,0,0
351550.0,1,58.0,2,2,4,5,1,1,1,7
351328.0,2,62.0,2,2,2,5,1,1,0,0
351501.0,2,35.0,3,4,3,5,1,1,1,4
352873.0,2,53.0,4,4,3,5,1,1,1,9
350342.0,2,38.0,3,3,2,5,1,1,1,9
350112.0,1,53.0,1,4,2,2,1,1,1,10
351116.0,2,45.0,5,5,4,5,1,1,1,3
351931.0,2,54.0,3,3,3,4,1,1,0,0
350341.0,2,30.0,4,4,4,5,1,1,1,3
351541.0,1,36.0,3,4,4,4,1,1,1,7
351293.0,2,80.0,3,2,2,5,1,1,0,0
352783.0,2,47.0,3,2,4,4,1,1,1,9
352443.0,1,67.0,2,3,2,4,1,1,0,0
350087.0,2,74.0,3,3,3,5,1,1,1,0
350174.0,1,43.0,5,5,4,3,1,1,1,6
350803.0,2,60.0,4,4,4,5,1,1,0,0
351448.0,2,56.0,3,5,1,4,1,1,1,0
352835.0,1,42.0,4,4,2,5,1,1,1,0
350751.0,2,69.0,4,4,4,5,1,1,1,4
351845.0,2,60.0,2,2,1,5,1,1,0,0
350735.0,1,38.0,4,4,4,5,1,1,1,0
351621.0,2,62.0,4,4,4,5,1,1,1,0
351220.0,2,80.0,5,4,3,5,1,1,0,0
350312.0,1,32.0,3,3,5,4,1,1,1,2
351139.0,2,65.0,2,4,2,5,1,1,1,0
351762.0,2,43.0,2,2,2,5,1,1,0,0
350258.0,2,48.0,3,2,4,5,1,0,1,0
351636.0,2,68.0,3,4,4,5,1,1,0,0
351949.0,2,54.0,4,5,4,5,1,1,1,6
352151.0,1,73.0,3,4,2,4,1,1,0,0
350652.0,1,93.0,3,3,3,4,1,1,0,0
350400.0,2,60.0,3,4,4,5,1,1,1,0
352438.0,1,57.0,5,5,5,5,1,0,1,0
351345.0,1,71.0,2,3,3,5,1,1,0,0
351847.0,1,72.0,3,3,4,5,1,1,0,0
351401.0,1,33.0,1,4,4,4,1,1,1,5
352429.0,1,76.0,2,2,2,4,1,1,0,0
351891.0,2,47.0,2,2,2,5,1,1,1,0
352711.0,2,57.0,2,3,2,4,1,1,1,0
350981.0,2,43.0,5,5,5,3,1,1,1,8
351587.0,2,59.0,3,4,1,5,1,1,0,0
350079.0,1,25.0,2,2,5,5,1,1,1,4
352076.0,1,47.0,4,3,2,5,1,1,1,5
351395.0,2,61.0,2,2,2,5,1,1,1,3
351840.0,1,79.0,3,2,3,5,1,1,0,0
352224.0,1,28.0,3,2,3,4,1,1,1,0
352320.0,1,56.0,3,3,3,5,1,1,0,0
350333.0,1,51.0,4,2,4,4,1,1,1,4
351153.0,2,37.0,2,2,0,5,1,1,0,0
350812.0,2,42.0,2,1,5,5,1,1,0,0
350648.0,1,59.0,2,2,4,5,1,1,0,0
351287.0,2,84.0,2,3,2,5,1,1,0,0
350055.0,2,57.0,1,1,1,5,1,1,1,10
352833.0,1,68.0,2,4,5,5,1,1,0,0
352860.0,2,47.0,2,4,4,5,1,1,1,2
352766.0,2,34.0,1,1,1,5,1,1,0,0
350748.0,2,53.0,2,2,2,5,1,1,0,0
351635.0,2,66.0,2,3,3,5,1,1,0,0
350984.0,1,70.0,3,3,4,5,1,1,0,0
352397.0,2,59.0,3,4,3,5,1,1,1,0
352522.0,2,67.0,4,4,4,5,1,1,0,0
351971.0,1,68.0,2,2,4,5,1,1,0,0
351370.0,1,43.0,2,2,2,4,1,1,1,0
351652.0,1,32.0,4,3,3,5,1,1,1,0
350368.0,2,22.0,4,2,4,5,1,1,0,0
350547.0,1,42.0,3,4,4,4,1,1,1,0
350222.0,1,53.0,1,1,3,5,1,1,1,3
352402.0,2,33.0,4,4,4,4,1,1,0,0
350741.0,2,33.0,2,4,4,4,1,1,0,0
352591.0,1,41.0,2,4,2,5,1,1,1,0
352136.0,2,74.0,3,4,4,5,1,1,0,0
352497.0,2,65.0,3,4,4,5,1,1,0,0
351738.0,2,69.0,4,4,4,5,1,1,0,0
350482.0,2,35.0,2,2,2,5,1,1,1,4
350053.0,2,32.0,3,3,3,5,1,0,0,0
351668.0,1,85.0,2,1,2,5,1,1,0,0
351114.0,2,50.0,2,4,4,1,1,1,0,0
351665.0,1,55.0,4,4,1,3,1,1,0,0
352705.0,1,49.0,3,3,3,5,1,1,1,9
351423.0,1,62.0,4,4,2,2,1,1,1,1
351138.0,2,21.0,2,2,4,4,1,1,0,0
350384.0,2,76.0,3,2,3,4,1,1,0,0
350299.0,2,74.0,2,2,3,5,1,1,0,0
352408.0,2,57.0,2,2,4,5,1,1,0,0
350920.0,2,20.0,3,3,4,5,1,1,0,0
350303.0,2,54.0,2,4,3,5,1,1,1,9
352703.0,1,43.0,2,2,2,4,1,1,1,10
352844.0,1,39.0,4,4,0,5,1,1,1,0
352635.0,2,35.0,3,3,5,5,1,1,1,2
351280.0,2,51.0,1,1,1,5,1,1,0,0
351580.0,1,32.0,4,4,4,4,1,1,0,0
351057.0,2,18.0,4,2,4,4,1,1,0,0
350997.0,2,62.0,3,2,2,5,1,1,0,0
350720.0,2,56.0,2,3,2,5,1,1,1,2
352227.0,1,32.0,3,2,2,5,1,1,1,6
351306.0,1,47.0,2,2,2,5,1,1,1,3
350413.0,2,56.0,3,3,3,5,1,1,1,5
352278.0,2,79.0,4,3,3,5,1,1,0,0
351695.0,1,50.0,2,2,4,5,1,1,1,0
352686.0,1,50.0,5,2,2,5,1,1,1,4
351503.0,1,64.0,2,2,2,5,1,1,0,0
350354.0,2,79.0,4,4,4,5,1,1,0,0
352492.0,2,76.0,3,3,3,4,1,1,0,0
350202.0,2,54.0,2,2,4,5,1,1,1,5
352349.0,1,69.0,3,3,2,4,1,1,0,0
351000.0,1,38.0,2,2,2,5,1,1,1,6
350038.0,1,21.0,2,2,2,5,1,1,0,0
350838.0,2,24.0,3,3,3,5,1,1,1,1
350221.0,1,72.0,2,1,3,5,1,1,0,0
352162.0,2,18.0,2,2,4,5,1,1,1,2
352791.0,2,31.0,3,4,2,5,1,1,0,0
350179.0,1,56.0,3,4,4,5,1,1,1,8
351649.0,2,57.0,2,2,2,5,1,1,1,1
352449.0,2,51.0,3,4,3,5,1,1,1,8
351673.0,2,28.0,2,2,4,3,1,1,1,1
352196.0,2,55.0,2,2,2,5,1,1,0,0
350513.0,2,57.0,5,1,4,5,1,1,1,5
351055.0,2,58.0,2,2,1,4,1,1,1,10
352489.0,2,77.0,4,3,4,5,1,1,0,0
352183.0,1,41.0,4,3,4,5,1,1,0,0
350498.0,2,42.0,5,4,4,4,1,0,1,5
351751.0,2,35.0,3,5,4,5,1,1,1,9
352601.0,1,64.0,3,3,4,4,1,1,0,0
351719.0,2,38.0,4,3,3,4,1,1,1,5
350775.0,2,68.0,2,2,2,5,1,1,1,3
352649.0,2,19.0,2,2,4,5,1,1,0,0
352505.0,2,62.0,4,4,3,5,1,1,0,0
350339.0,1,77.0,2,3,3,5,1,1,0,0
351785.0,1,81.0,2,4,3,2,1,1,0,0
350815.0,2,80.0,3,3,3,3,1,1,0,0
352223.0,2,79.0,5,5,5,5,1,1,0,0
352754.0,1,49.0,2,2,2,4,1,1,1,10
350425.0,2,46.0,1,4,2,5,1,1,1,8
351459.0,1,53.0,3,4,4,5,1,1,0,0
350897.0,2,53.0,3,4,5,5,1,1,1,4
350064.0,2,43.0,2,2,2,5,1,1,1,0
352328.0,2,78.0,2,4,4,5,1,1,0,0
350985.0,1,69.0,4,4,5,5,1,0,0,0
351570.0,2,58.0,3,2,2,5,1,1,1,0
350457.0,1,59.0,3,3,3,4,1,1,1,0
351798.0,1,46.0,3,2,4,5,1,1,1,0
350932.0,1,41.0,3,4,5,4,1,0,1,7
351800.0,1,46.0,2,3,3,3,1,1,1,0
350110.0,2,47.0,2,2,2,5,1,1,0,0
351046.0,2,75.0,5,5,5,4,1,0,0,0
350409.0,1,57.0,2,2,2,5,1,1,0,0
351250.0,2,55.0,4,4,3,5,1,1,1,0
350900.0,1,48.0,3,2,2,5,1,1,1,7
352419.0,1,54.0,1,1,1,4,1,1,1,4
351214.0,2,83.0,2,1,1,5,1,1,0,0
350870.0,1,58.0,1,1,1,5,1,1,1,4
352291.0,1,73.0,1,5,0,5,1,1,0,0
350577.0,1,80.0,1,1,1,5,1,1,0,0
351365.0,2,83.0,2,2,2,5,1,1,0,0
351536.0,1,92.0,3,1,1,2,1,1,0,0
350435.0,2,56.0,1,1,1,4,1,1,1,1
351533.0,1,72.0,3,2,3,5,1,1,0,0
351667.0,1,26.0,3,1,1,5,1,1,0,0
352588.0,2,42.0,1,2,2,5,1,1,1,0
350714.0,2,52.0,1,1,1,5,1,1,1,2
352240.0,2,60.0,2,5,2,5,1,1,0,0
351238.0,2,46.0,5,5,5,5,1,0,1,7
351303.0,2,24.0,3,4,4,5,1,1,0,0
351715.0,2,86.0,2,2,2,5,1,1,0,0
350553.0,1,49.0,2,4,4,5,1,1,1,8
350392.0,1,70.0,2,4,3,4,1,1,0,0
350100.0,2,80.0,2,4,4,5,1,1,0,0
351410.0,1,63.0,3,3,4,5,1,1,1,4
352235.0,1,42.0,5,4,5,4,1,1,1,5
352597.0,1,60.0,3,4,3,4,1,1,0,0
352273.0,2,76.0,4,4,5,5,1,1,0,0
351371.0,1,34.0,5,2,3,4,1,1,1,4
351066.0,1,38.0,5,5,4,5,1,1,1,10
350993.0,2,21.0,4,4,5,5,1,1,0,0
350104.0,2,59.0,2,2,2,5,1,1,0,0
350903.0,1,52.0,5,5,5,5,1,1,1,1
352820.0,2,64.0,2,2,4,5,1,1,0,0
351083.0,1,49.0,2,2,4,5,1,1,1,3
350676.0,1,49.0,2,2,2,5,1,1,0,0
351865.0,1,73.0,2,4,4,5,1,1,0,0
351045.0,1,61.0,2,2,2,4,1,1,0,0
351909.0,1,38.0,4,4,4,5,1,1,0,0
352636.0,1,71.0,3,2,2,5,1,1,0,0
352084.0,2,22.0,4,3,3,5,1,1,1,4
350773.0,1,55.0,3,4,3,5,1,1,1,9
352208.0,2,35.0,3,4,4,5,1,1,1,6
352067.0,2,55.0,4,2,2,5,1,1,0,0
350806.0,1,67.0,2,2,2,4,1,1,0,0
350551.0,1,57.0,1,1,1,5,1,1,1,0
351663.0,1,20.0,4,4,5,4,1,1,0,0
351275.0,2,55.0,5,4,5,4,1,1,0,0
350672.0,1,36.0,2,2,3,4,1,1,1,4
351232.0,2,47.0,1,2,2,5,1,1,1,4
352319.0,2,66.0,1,2,5,5,1,1,1,10
352843.0,1,45.0,3,4,2,5,1,1,1,8
350361.0,1,70.0,2,2,2,5,1,1,0,0
350574.0,2,65.0,4,4,4,2,1,1,1,7
351062.0,1,65.0,2,4,3,4,1,1,0,0
351278.0,2,57.0,2,4,3,5,1,1,1,9
351827.0,2,19.0,2,2,3,4,1,1,0,0
351542.0,1,56.0,4,4,3,4,1,1,1,10
350267.0,2,63.0,2,4,3,5,1,1,0,0
351747.0,2,79.0,3,2,2,5,1,1,0,0
351825.0,1,64.0,2,3,3,5,1,1,0,0
352734.0,2,55.0,3,2,4,5,1,1,1,2
352548.0,2,56.0,2,3,3,5,1,1,0,0
351811.0,2,78.0,4,4,4,5,1,1,0,0
351005.0,2,89.0,3,3,4,5,1,1,0,0
351594.0,1,68.0,4,4,4,5,1,1,0,0
351447.0,1,62.0,3,2,2,5,1,1,1,3
351627.0,2,35.0,2,2,2,5,1,1,0,0
352272.0,1,42.0,5,5,5,5,1,0,1,9
350231.0,1,28.0,4,4,4,4,1,1,0,0
351331.0,2,35.0,2,2,4,5,1,1,0,0
351071.0,1,69.0,5,5,3,4,1,1,0,0
351788.0,2,49.0,4,4,4,5,1,1,0,0
352054.0,2,56.0,3,4,3,5,1,1,1,7
352658.0,2,45.0,2,4,5,4,1,1,1,10
350956.0,2,33.0,4,4,4,4,1,1,0,0
351229.0,2,25.0,1,1,1,5,1,1,0,0
352536.0,2,52.0,3,4,2,4,1,1,1,3
352161.0,1,43.0,3,3,2,5,1,1,1,9
351134.0,1,56.0,3,3,3,5,1,1,1,9
352199.0,1,35.0,3,3,5,5,1,1,1,9
350059.0,2,26.0,4,2,3,5,1,1,0,0
351571.0,2,83.0,4,4,4,4,1,1,0,0
352112.0,1,66.0,5,2,2,5,1,1,1,6
350196.0,1,26.0,2,1,1,5,1,1,1,7
350138.0,1,58.0,5,5,5,4,1,0,1,1
351590.0,1,45.0,2,2,3,5,1,1,1,4
351521.0,1,27.0,1,1,1,5,1,1,1,5
351760.0,2,66.0,4,4,3,5,1,1,0,0
352011.0,1,43.0,4,3,2,3,1,1,1,10
352776.0,2,56.0,3,4,3,5,1,1,1,9
350274.0,2,36.0,3,2,2,5,1,1,1,7
350507.0,1,45.0,5,5,5,4,1,0,1,10
350962.0,2,54.0,3,4,3,5,1,0,1,2
351993.0,1,33.0,3,3,3,5,1,1,1,6
351127.0,1,64.0,2,4,2,5,1,1,1,4
351098.0,2,36.0,2,2,2,4,1,1,1,8
350106.0,1,34.0,3,2,3,4,1,1,1,7
350114.0,1,43.0,3,3,3,5,1,1,0,0
351419.0,1,40.0,3,4,4,4,1,1,1,4
350731.0,2,78.0,2,2,2,4,1,1,0,0
352600.0,2,56.0,3,4,3,4,1,1,1,7
350369.0,2,40.0,4,4,4,5,1,1,0,0
350811.0,2,60.0,1,1,1,5,1,1,0,0
351829.0,2,69.0,2,4,4,5,1,1,0,0
352283.0,2,36.0,1,1,1,5,1,1,1,8
352218.0,2,64.0,2,2,2,4,1,1,0,0
351177.0,1,64.0,3,4,3,4,1,1,1,10
351889.0,2,43.0,2,3,4,5,1,1,1,4
351833.0,2,49.0,4,4,3,5,1,1,1,2
351717.0,1,18.0,2,4,2,5,1,1,0,0
351274.0,2,58.0,3,3,4,3,1,1,1,8
350512.0,1,25.0,4,2,2,4,1,1,1,8
351556.0,2,78.0,2,2,2,5,1,1,0,0
352854.0,2,56.0,4,2,5,4,1,1,0,0
352730.0,1,35.0,4,5,5,5,1,1,1,4
350712.0,1,25.0,4,2,4,4,1,1,1,6
351791.0,2,38.0,4,4,4,5,1,1,0,0
350386.0,1,37.0,3,3,3,5,1,1,1,5
352539.0,2,28.0,2,2,2,5,1,1,0,0
351178.0,2,50.0,3,4,2,5,1,1,0,0
351412.0,1,40.0,2,3,2,5,1,1,1,6
351869.0,1,78.0,4,4,4,5,1,1,0,0
351338.0,1,44.0,2,4,4,4,1,1,0,0
351137.0,2,19.0,3,4,4,5,1,1,0,0
352761.0,2,45.0,2,2,4,5,1,1,0,0
352118.0,1,36.0,4,2,0,4,1,1,1,5
351429.0,1,77.0,1,4,2,4,1,1,0,0
352450.0,2,48.0,3,2,4,5,1,1,1,2
352693.0,2,54.0,4,4,4,5,1,1,0,0
351272.0,1,77.0,4,4,3,4,1,1,0,0
350370.0,1,43.0,2,2,2,5,1,1,1,2
350682.0,1,52.0,2,4,4,5,1,1,1,5
351316.0,2,55.0,2,2,2,5,1,1,0,0
350681.0,2,67.0,4,3,5,4,1,0,1,6
351925.0,2,80.0,4,4,2,5,1,1,0,0
352675.0,2,39.0,4,4,4,5,1,0,1,5
351908.0,2,40.0,4,4,3,5,1,1,0,0
352586.0,1,39.0,5,5,3,5,1,0,1,10
350881.0,2,39.0,2,2,2,4,1,1,1,10
351856.0,1,66.0,3,2,5,5,1,1,0,0
352821.0,2,30.0,2,2,2,4,1,1,1,2
351487.0,2,38.0,3,3,4,5,1,1,0,0
351916.0,2,28.0,4,4,2,5,1,1,0,0
350760.0,1,70.0,4,4,2,5,1,1,0,0
350332.0,2,60.0,2,3,2,5,1,1,0,0
350603.0,2,54.0,4,5,4,5,1,1,0,0
350357.0,2,36.0,4,3,4,5,1,1,0,0
350618.0,2,80.0,5,4,3,5,1,1,0,0
352056.0,1,51.0,2,2,2,5,1,1,1,7
351384.0,1,67.0,4,4,3,5,1,1,0,0
352369.0,1,79.0,4,3,3,5,1,1,0,0
350171.0,2,56.0,2,4,4,5,1,1,1,7
352458.0,2,59.0,4,4,3,5,1,1,1,2
352027.0,1,47.0,4,4,5,5,1,1,1,9
350515.0,2,43.0,4,5,4,5,1,1,1,2
351018.0,2,55.0,3,3,3,5,1,1,1,3
352197.0,2,37.0,5,5,5,4,1,1,1,8
351744.0,1,90.0,1,1,1,2,1,1,0,0
352333.0,1,35.0,1,1,1,5,1,1,1,10
351523.0,2,50.0,4,4,5,5,1,1,1,1
350851.0,1,28.0,4,2,3,5,1,1,1,10
350304.0,1,34.0,2,2,2,5,1,1,0,0
351348.0,2,27.0,3,3,3,5,1,1,0,0
352306.0,2,63.0,3,3,3,4,1,1,0,0
351712.0,1,41.0,3,4,3,4,1,1,1,10
352697.0,2,49.0,5,5,5,5,1,1,1,4
352615.0,2,55.0,2,2,2,4,1,1,0,0
350356.0,2,27.0,2,2,4,5,1,1,1,4
350454.0,2,50.0,4,4,4,5,1,1,1,6
351873.0,1,65.0,3,3,3,5,1,1,0,0
352191.0,2,70.0,3,3,3,5,1,1,0,0
352668.0,1,42.0,4,4,4,3,1,0,1,8
350326.0,2,39.0,5,5,5,5,1,1,1,8
350143.0,2,29.0,4,5,3,5,1,1,1,2
351803.0,1,40.0,2,2,4,5,1,1,1,10
351605.0,1,85.0,4,2,2,4,1,1,0,0
352733.0,2,59.0,2,4,4,4,1,1,1,9
351653.0,2,67.0,4,4,4,4,1,1,1,7
351265.0,2,29.0,3,1,3,5,1,1,0,0
351227.0,1,71.0,3,2,1,5,1,1,0,0
351199.0,2,37.0,3,2,4,4,1,1,0,0
351795.0,2,34.0,5,2,4,3,1,1,0,0
351478.0,2,54.0,2,4,4,5,1,1,0,0
350445.0,1,61.0,4,4,4,5,1,1,1,10
350663.0,1,18.0,4,2,2,5,1,1,1,5
350207.0,1,53.0,2,2,1,5,1,1,1,9
350622.0,2,72.0,3,4,4,5,1,1,0,0
350249.0,1,54.0,3,4,4,5,1,1,0,0
350121.0,2,23.0,5,3,5,5,1,1,1,5
352313.0,1,32.0,3,3,4,5,1,1,1,4
351461.0,2,78.0,3,2,4,5,1,1,0,0
350133.0,1,42.0,2,3,2,5,1,1,1,7
350469.0,2,70.0,3,4,3,5,1,1,0,0
351781.0,2,82.0,1,3,2,5,1,1,0,0
351562.0,2,76.0,4,4,4,5,1,0,0,0
352274.0,1,91.0,2,2,2,5,1,0,0,0
351999.0,1,32.0,4,4,4,5,1,1,1,9
350827.0,2,35.0,2,4,5,5,1,1,1,6
352532.0,2,39.0,2,2,2,5,1,0,1,8
350277.0,1,69.0,4,3,4,5,1,1,0,0
350520.0,2,55.0,4,5,5,5,1,1,0,0
350172.0,1,71.0,2,4,4,4,1,1,0,0
351319.0,1,46.0,2,2,4,5,1,1,1,9
351520.0,2,76.0,1,1,1,4,1,1,0,0
351377.0,2,29.0,4,4,4,5,1,1,1,7
350166.0,2,84.0,3,3,4,4,1,1,0,0
352262.0,2,19.0,4,3,3,5,1,1,0,0
350048.0,1,51.0,1,2,1,5,1,1,1,10
350539.0,2,68.0,3,3,3,5,1,1,0,0
352087.0,2,48.0,4,4,4,5,1,1,0,0
352364.0,2,35.0,2,2,2,4,1,1,1,10
350021.0,2,67.0,2,4,2,5,1,1,0,0
351922.0,1,67.0,2,2,2,5,1,1,0,0
352066.0,2,47.0,3,2,2,4,1,1,1,6
352463.0,1,56.0,2,2,2,5,1,1,1,7
351441.0,2,45.0,5,5,5,5,1,1,0,0
351380.0,1,38.0,2,2,4,5,1,1,1,8
351476.0,1,57.0,2,2,2,5,1,1,1,9
350904.0,2,51.0,1,3,3,5,1,1,1,3
350141.0,1,61.0,5,5,5,4,1,0,0,0
352107.0,2,18.0,3,3,3,4,1,1,0,0
350148.0,1,86.0,3,4,4,5,1,1,0,0
350566.0,1,37.0,4,4,4,5,1,1,0,0
350832.0,2,75.0,2,2,4,4,1,1,0,0
351616.0,1,58.0,3,3,3,5,1,1,0,0
352653.0,2,59.0,2,2,2,3,1,1,0,0
352395.0,2,42.0,3,4,3,5,1,1,1,9
352164.0,1,35.0,2,2,2,5,1,1,1,10
350338.0,2,49.0,2,2,4,5,1,1,1,1
352043.0,2,46.0,1,1,3,5,1,1,1,4
351027.0,1,33.0,2,2,2,5,1,1,1,3
350424.0,2,45.0,2,4,5,5,1,1,1,6
352030.0,2,54.0,4,4,4,5,1,0,1,2
351394.0,1,67.0,2,4,3,5,1,1,1,10
352396.0,2,74.0,4,4,4,4,1,1,1,2
350241.0,2,73.0,4,4,2,5,1,1,0,0
350126.0,2,55.0,3,5,4,5,1,0,1,2
351758.0,2,68.0,2,4,2,5,1,0,0,0
350465.0,2,74.0,3,4,4,5,1,1,0,0
350345.0,2,37.0,3,3,4,4,1,1,0,0
350609.0,2,45.0,3,4,3,5,1,1,1,9
350348.0,2,30.0,4,4,4,5,1,1,0,0
352021.0,2,23.0,5,4,3,4,1,1,0,0
352267.0,1,51.0,3,2,3,4,1,1,1,9
351529.0,2,69.0,3,2,3,5,1,1,0,0
351860.0,2,65.0,2,3,4,5,1,1,0,0
352228.0,1,24.0,3,2,2,5,1,1,1,7
350896.0,2,77.0,4,4,4,5,1,1,0,0
351317.0,2,46.0,4,3,3,5,1,1,1,5
351863.0,1,63.0,4,3,3,5,1,1,1,2
352561.0,2,25.0,3,4,4,5,1,1,1,4
350464.0,2,55.0,2,4,3,3,1,1,1,3
351392.0,2,74.0,2,4,3,5,1,1,0,0
352722.0,1,63.0,3,4,4,5,1,1,0,0
351757.0,1,34.0,3,4,4,5,1,1,1,8
352708.0,2,40.0,4,3,4,5,1,0,0,0
350959.0,1,22.0,4,4,4,5,1,1,1,4
351960.0,1,65.0,4,4,4,5,1,1,0,0
352179.0,1,64.0,2,4,4,3,1,1,0,0
352558.0,2,27.0,5,4,4,4,1,0,1,8
351777.0,1,77.0,3,3,2,5,1,1,0,0
352356.0,2,63.0,3,3,0,5,1,1,0,0
352341.0,1,28.0,4,3,2,4,1,1,1,9
351174.0,2,45.0,2,2,2,5,1,1,0,0
352195.0,2,54.0,4,4,4,5,1,1,0,0
350206.0,2,23.0,3,2,4,5,1,1,0,0
350952.0,2,71.0,3,4,4,5,1,1,0,0
351058.0,2,84.0,4,2,4,4,1,1,0,0
352174.0,1,60.0,2,2,5,5,1,1,0,0
352715.0,2,70.0,3,2,0,5,1,1,0,0
352102.0,2,25.0,2,2,4,4,1,1,1,4
352813.0,1,47.0,3,2,4,5,1,1,1,4
351511.0,2,32.0,3,3,3,5,1,1,1,9
351080.0,1,39.0,2,2,2,5,1,1,1,8
351944.0,1,29.0,2,2,3,4,1,1,1,8
351718.0,1,42.0,2,2,2,4,1,1,1,4
350992.0,1,59.0,4,4,3,4,1,1,1,9
352343.0,1,19.0,4,4,4,4,1,1,1,2
351634.0,1,70.0,5,3,4,5,1,1,1,0
351433.0,1,88.0,3,2,2,5,1,1,0,0
351056.0,2,78.0,3,2,2,4,1,1,0,0
351344.0,2,36.0,2,2,2,5,1,1,1,9
351851.0,2,29.0,4,3,4,5,1,1,1,0
352203.0,2,56.0,3,3,2,4,1,1,0,0
351082.0,1,59.0,3,3,3,5,1,1,1,8
351730.0,1,56.0,5,5,5,5,1,1,1,7
351639.0,2,44.0,3,4,2,5,1,1,1,0
350974.0,1,75.0,2,4,2,4,1,1,0,0
351540.0,2,53.0,4,3,5,5,1,0,0,0
351091.0,2,84.0,2,2,2,5,1,1,0,0
351801.0,1,52.0,1,4,2,5,1,1,1,3
351512.0,2,51.0,3,2,2,4,1,1,1,0
350496.0,2,18.0,1,2,2,5,1,0,0,0
350936.0,2,36.0,4,2,2,3,1,1,1,5
350752.0,2,22.0,2,2,3,5,1,1,1,1
352044.0,2,29.0,3,3,4,5,1,1,1,1
351973.0,2,53.0,2,2,3,3,1,1,1,0
352494.0,2,68.0,2,3,2,5,1,1,0,0
350542.0,2,72.0,5,5,3,4,1,1,0,0
350965.0,1,51.0,2,2,2,5,1,1,1,4
350939.0,2,24.0,1,1,1,5,1,1,1,2
351859.0,2,51.0,2,4,3,5,1,1,0,0
351033.0,1,32.0,2,2,4,5,1,1,0,0
352526.0,1,84.0,1,4,3,2,1,1,0,0
350120.0,2,43.0,3,3,3,5,1,1,1,7
352377.0,2,74.0,3,4,3,4,1,1,0,0
351037.0,2,51.0,3,4,4,4,1,1,1,0
351284.0,2,82.0,2,4,2,5,1,1,0,0
350799.0,1,57.0,5,4,2,5,1,1,1,4
350649.0,1,52.0,4,2,4,5,1,1,1,6
352414.0,2,82.0,5,5,3,4,1,1,0,0
352806.0,2,36.0,2,2,2,5,1,1,1,5
351141.0,2,63.0,2,4,2,5,1,1,1,6
350817.0,2,80.0,4,4,4,5,1,1,0,0
351169.0,1,39.0,2,3,1,5,1,1,1,3
350792.0,1,52.0,3,3,2,5,1,1,1,0
351693.0,1,36.0,4,2,3,5,1,1,1,4
352399.0,1,81.0,3,4,5,4,1,1,0,0
352172.0,2,63.0,4,4,4,5,1,0,1,1
350772.0,2,72.0,1,1,1,3,1,1,0,0
352848.0,2,82.0,3,2,3,5,1,1,0,0
352379.0,1,38.0,3,2,2,4,1,1,1,8
351661.0,2,39.0,3,3,3,4,1,1,0,0
352824.0,2,42.0,4,2,4,5,1,1,1,2
352855.0,1,58.0,5,5,5,5,1,0,1,2
350293.0,2,85.0,3,2,5,5,1,1,0,0
352778.0,2,52.0,3,4,5,5,1,1,1,2
351085.0,1,70.0,5,4,5,5,1,1,0,0
351802.0,1,62.0,2,3,2,5,1,1,0,0
352510.0,2,49.0,4,4,4,5,1,1,1,6
351310.0,1,81.0,3,3,3,5,1,1,0,0
351107.0,1,94.0,2,2,2,5,1,1,0,0
350037.0,1,22.0,3,2,1,4,1,1,1,7
352058.0,2,43.0,2,2,2,5,1,1,1,2
352013.0,1,55.0,2,2,2,5,1,1,1,7
351458.0,1,72.0,2,2,4,4,1,1,0,0
352082.0,1,51.0,3,4,2,4,1,1,1,8
352565.0,1,53.0,4,3,4,4,1,1,1,9
351852.0,2,63.0,2,4,2,5,1,1,0,0
351740.0,2,30.0,3,3,4,5,1,1,1,3
351499.0,2,52.0,3,3,5,5,1,1,1,3
351603.0,2,39.0,4,5,2,5,1,1,1,7
350411.0,2,69.0,4,4,4,5,1,1,0,0
352028.0,1,59.0,3,4,3,5,1,1,1,10
351530.0,2,65.0,3,4,3,5,1,1,0,0
350879.0,2,22.0,2,2,4,5,1,1,0,0
350379.0,2,27.0,3,3,3,5,1,1,1,6
352661.0,1,65.0,4,4,4,4,1,1,1,6
350630.0,2,90.0,3,4,4,5,1,1,0,0
351064.0,2,65.0,4,4,2,4,1,1,1,4
350822.0,2,47.0,2,2,2,4,1,1,1,6
350733.0,2,42.0,2,2,4,5,1,1,0,0
351519.0,2,68.0,4,4,4,5,1,1,0,0
351952.0,2,69.0,1,2,2,4,1,1,1,3
351846.0,1,50.0,1,2,1,5,1,1,0,0
350716.0,2,34.0,2,2,2,4,1,1,0,0
352868.0,1,53.0,2,2,2,5,1,1,1,4
350020.0,2,50.0,3,3,2,2,1,1,1,2
352090.0,1,32.0,3,2,2,5,1,1,1,5
350739.0,2,34.0,5,5,5,4,1,0,0,0
351933.0,1,41.0,2,3,1,5,1,1,0,0
351611.0,1,25.0,1,1,1,5,1,1,1,2
350334.0,2,65.0,3,4,4,5,1,1,0,0
350164.0,1,27.0,5,4,4,5,1,1,1,7
350946.0,2,42.0,5,5,4,5,1,0,1,10
351354.0,1,24.0,4,4,2,4,1,1,1,4
350973.0,2,42.0,4,4,4,5,1,0,1,8
352744.0,2,46.0,4,4,5,5,1,0,1,5
352707.0,2,72.0,3,4,3,5,1,1,0,0
350265.0,1,69.0,2,4,3,5,1,1,0,0
351553.0,1,68.0,3,5,4,5,1,1,0,0
351131.0,1,32.0,3,2,4,4,1,1,1,7
350886.0,2,48.0,2,3,2,4,1,1,1,9
351834.0,2,63.0,3,4,3,5,1,1,0,0
351034.0,2,33.0,3,3,4,5,1,1,0,0
352009.0,2,57.0,2,2,2,5,1,1,0,0
351449.0,1,36.0,1,1,1,5,1,1,1,10
350549.0,2,55.0,2,2,3,5,3,1,1,8
350640.0,1,47.0,2,4,4,5,3,1,1,7
351932.0,1,70.0,3,4,4,4,3,1,1,1
350043.0,1,20.0,2,1,3,4,3,1,1,4
351914.0,1,63.0,4,4,2,5,3,1,0,0
350591.0,2,27.0,2,4,3,5,3,1,0,0
350828.0,1,40.0,2,2,2,4,3,1,1,8
350935.0,2,47.0,3,4,5,5,3,1,0,0
352170.0,2,50.0,2,3,3,5,3,1,1,9
350685.0,2,36.0,3,3,3,5,3,1,0,0
350767.0,1,51.0,3,3,4,1,3,1,1,6
350703.0,2,47.0,3,3,5,5,3,1,1,5
350980.0,2,17.0,4,4,4,5,3,1,0,0
350548.0,2,24.0,1,1,1,5,3,1,1,3
352142.0,1,26.0,5,5,5,5,3,1,0,0
350226.0,2,21.0,3,2,4,5,3,1,0,0
352114.0,2,63.0,3,4,3,5,3,1,0,0
352184.0,1,73.0,1,2,2,4,3,1,0,0
352361.0,2,59.0,4,2,4,2,3,1,0,0
350801.0,2,46.0,4,4,4,4,3,1,1,5
350467.0,1,31.0,3,3,3,5,3,1,1,8
352732.0,1,52.0,4,4,4,5,3,1,1,4
352126.0,2,24.0,4,5,2,5,3,1,0,0
350789.0,2,27.0,3,2,4,4,3,1,1,8
351075.0,1,62.0,2,4,2,5,3,1,1,6
351170.0,1,20.0,1,1,1,5,3,1,1,3
352052.0,2,53.0,2,2,2,5,3,1,0,0
351938.0,1,37.0,4,3,4,5,3,1,1,7
352322.0,2,48.0,3,4,2,5,1,0,1,1
350167.0,1,70.0,2,4,2,5,1,1,0,0
352171.0,1,22.0,3,2,4,4,1,1,1,5
351602.0,1,57.0,2,2,4,5,1,1,1,4
352302.0,2,64.0,2,2,3,5,1,1,0,0
351692.0,2,46.0,5,5,5,4,1,1,1,10
350914.0,1,74.0,3,4,4,5,1,1,0,0
350503.0,2,78.0,2,2,4,5,1,1,0,0
351094.0,1,60.0,2,3,2,5,1,1,1,4
350529.0,1,73.0,2,4,2,5,1,1,0,0
352645.0,1,61.0,1,4,4,4,1,1,0,0
352025.0,2,67.0,3,3,3,5,1,1,0,0
352113.0,2,61.0,3,3,3,4,1,1,1,9
352020.0,1,62.0,1,1,5,5,1,1,0,0
351391.0,1,45.0,1,3,1,5,1,1,1,4
352728.0,2,57.0,2,3,3,4,1,1,1,1
352187.0,2,69.0,1,2,2,5,1,1,0,0
352862.0,1,54.0,3,4,2,5,1,1,1,0
351108.0,1,61.0,2,2,2,5,1,1,1,10
350180.0,1,35.0,1,4,1,5,1,1,0,0
350107.0,1,84.0,2,2,2,5,3,1,0,0
351081.0,2,35.0,5,5,5,5,3,1,1,3
352064.0,2,40.0,4,4,4,4,3,1,1,7
351937.0,1,75.0,3,4,2,5,3,1,0,0
351251.0,2,71.0,2,4,4,5,3,1,0,0
351886.0,1,70.0,2,2,2,5,3,1,0,0
351689.0,2,66.0,4,4,3,5,3,1,0,0
350395.0,2,31.0,2,3,4,5,3,1,0,0
351109.0,2,66.0,4,2,2,5,3,1,0,0
351067.0,2,54.0,5,5,5,5,3,0,1,5
350964.0,1,76.0,3,4,3,5,3,1,0,0
352485.0,1,44.0,5,3,5,5,3,1,1,10
350892.0,2,81.0,3,3,3,5,3,1,0,0
350805.0,1,65.0,2,2,2,5,3,1,0,0
350125.0,1,75.0,2,2,2,5,3,1,0,0
350336.0,2,76.0,2,2,2,5,3,1,0,0
352549.0,1,19.0,1,3,3,5,3,1,0,0
351843.0,2,57.0,3,4,4,5,3,0,1,9
352469.0,1,25.0,2,2,2,5,3,1,1,4
350181.0,2,66.0,1,2,1,5,3,1,0,0
351884.0,1,68.0,1,1,1,5,3,1,1,0
350419.0,2,63.0,3,3,5,5,3,1,0,0
350949.0,2,25.0,4,4,4,5,3,1,1,4
352826.0,1,50.0,2,4,4,4,3,1,1,2
350466.0,1,54.0,2,4,4,5,3,1,1,5
352562.0,2,31.0,2,4,2,5,3,1,1,7
351582.0,1,53.0,3,4,4,4,3,1,1,5
352516.0,2,19.0,2,4,4,5,3,1,0,0
350019.0,1,54.0,3,2,2,5,3,1,1,4
352035.0,2,60.0,1,2,2,4,3,1,1,3
350129.0,2,49.0,4,3,4,5,3,1,0,0
350983.0,2,52.0,4,4,4,5,3,1,1,0
350478.0,1,43.0,3,4,3,5,3,1,1,4
351697.0,1,40.0,3,2,3,5,3,1,1,0
351223.0,1,29.0,3,3,4,5,3,1,1,5
351388.0,1,40.0,4,2,3,5,3,1,1,7
350239.0,2,71.0,4,4,3,5,3,1,0,0
350007.0,1,36.0,4,4,5,5,3,1,0,0
350727.0,2,85.0,2,2,4,5,3,1,0,0
352765.0,2,74.0,4,4,4,4,3,1,0,0
350717.0,1,62.0,3,4,4,5,3,1,1,6
350754.0,2,61.0,4,4,2,5,3,1,1,8
352086.0,1,75.0,3,4,3,4,3,1,0,0
352204.0,2,34.0,2,2,2,5,3,1,1,9
350103.0,2,69.0,4,4,4,5,3,1,0,0
350279.0,2,82.0,2,4,3,5,3,1,0,0
352280.0,2,27.0,1,1,1,4,3,1,1,6
351997.0,1,45.0,5,4,5,5,3,1,1,6
351073.0,2,70.0,2,5,3,5,3,0,0,0
351745.0,2,27.0,3,3,4,5,3,1,0,0
351269.0,1,65.0,4,2,4,5,3,1,0,0
352777.0,2,24.0,3,2,4,5,3,1,1,2
352017.0,2,23.0,1,2,2,5,1,1,1,0
351836.0,1,29.0,3,1,4,4,1,1,1,7
351078.0,2,35.0,1,1,4,5,1,1,1,6
350252.0,1,54.0,5,5,5,5,1,1,1,9
351471.0,2,76.0,2,3,3,4,1,1,0,0
352336.0,2,65.0,4,5,4,5,1,0,1,0
350860.0,1,24.0,2,2,2,4,1,1,1,9
351525.0,1,59.0,2,3,3,5,1,1,1,6
351256.0,1,34.0,4,3,4,4,1,1,1,9
350168.0,1,40.0,1,1,1,1,1,1,1,2
350294.0,1,55.0,5,5,5,5,1,1,0,0
352677.0,1,64.0,3,2,2,4,1,1,0,0
350941.0,2,55.0,1,4,3,3,1,1,1,9
352546.0,1,72.0,2,2,2,5,1,1,0,0
352566.0,1,66.0,2,2,4,5,1,1,0,0
350017.0,2,78.0,1,1,1,4,1,1,0,0
351538.0,2,43.0,4,4,3,5,1,1,1,6
352088.0,2,68.0,5,4,4,3,1,1,0,0
352457.0,1,59.0,2,3,2,5,1,1,0,0
350596.0,2,61.0,4,4,4,5,1,1,1,0
352870.0,2,42.0,3,4,3,5,1,1,1,8
350473.0,2,40.0,3,3,3,5,1,0,0,0
351495.0,2,77.0,3,3,2,5,1,1,0,0
351883.0,1,79.0,3,2,3,5,1,1,0,0
350607.0,2,55.0,2,2,2,4,1,1,1,2
352650.0,2,34.0,4,4,3,5,1,1,0,0
350874.0,1,77.0,2,2,3,5,1,1,0,0
352248.0,2,78.0,2,2,2,5,1,1,0,0
351666.0,1,39.0,5,5,5,5,1,1,1,9
350204.0,1,43.0,5,5,5,5,1,0,1,10
350555.0,2,40.0,3,2,4,5,1,1,0,0
352242.0,2,28.0,2,3,2,5,1,1,0,0
350065.0,2,33.0,2,2,4,5,1,1,1,4
352772.0,1,24.0,2,2,3,5,1,1,1,9
350829.0,1,54.0,1,1,4,4,1,1,1,10
350736.0,2,81.0,4,4,3,5,1,1,0,0
352115.0,2,42.0,3,5,4,5,1,1,1,5
351953.0,1,70.0,2,4,4,5,1,1,0,0
350934.0,2,25.0,3,3,3,5,1,1,1,5
350290.0,2,54.0,2,3,3,5,1,1,1,2
350988.0,1,61.0,1,4,3,4,1,1,0,0
350490.0,1,62.0,2,2,2,5,1,1,1,2
350782.0,1,77.0,2,3,2,4,1,1,0,0
352400.0,2,81.0,4,4,4,5,1,1,0,0
352499.0,2,75.0,3,3,3,4,1,1,0,0
351896.0,2,35.0,3,3,3,5,1,1,0,0
350702.0,2,27.0,4,4,3,5,1,1,1,3
350152.0,2,21.0,2,2,2,4,1,1,0,0
350737.0,2,26.0,2,2,4,4,1,0,1,5
350750.0,1,49.0,5,5,3,5,1,1,1,10
350757.0,2,71.0,4,4,3,4,1,1,0,0
350073.0,1,42.0,4,2,1,5,1,1,1,9
352015.0,1,33.0,3,4,3,5,1,1,1,0
350501.0,2,41.0,3,2,4,4,1,1,0,0
350458.0,2,33.0,3,3,5,5,1,0,1,0
351215.0,2,72.0,2,2,4,5,1,1,0,0
350030.0,1,33.0,4,4,3,5,1,1,1,9
350282.0,1,23.0,4,4,4,5,1,1,1,0
351408.0,2,20.0,2,4,3,3,1,1,0,0
352257.0,1,47.0,3,4,3,5,1,1,1,3
351382.0,2,43.0,3,4,4,5,1,1,1,5
350970.0,2,29.0,3,3,3,3,1,1,1,3
350195.0,2,60.0,2,3,3,5,1,1,0,0
350850.0,2,67.0,3,4,4,4,1,1,0,0
352632.0,1,34.0,3,2,3,4,1,1,1,10
352678.0,2,55.0,3,3,3,4,1,1,1,0
350137.0,2,76.0,3,3,3,5,1,1,0,0
351079.0,2,34.0,2,2,2,5,1,1,1,6
350006.0,1,58.0,4,4,5,5,1,1,1,7
351983.0,1,29.0,3,1,3,5,1,1,1,8
350994.0,1,30.0,3,2,3,5,1,1,1,6
350530.0,2,52.0,5,5,5,5,1,0,1,6
350668.0,2,52.0,4,4,4,5,1,1,1,6
352552.0,2,66.0,4,4,4,5,1,1,0,0
351263.0,2,72.0,3,3,3,5,1,1,0,0
350242.0,2,62.0,2,2,2,4,1,1,1,6
350093.0,1,50.0,4,2,4,5,1,1,0,0
350090.0,2,69.0,1,1,1,5,1,1,0,0
350715.0,2,34.0,4,2,2,5,1,1,1,4
350311.0,1,52.0,4,4,4,5,1,1,1,10
350729.0,1,20.0,3,3,3,5,1,1,0,0
350953.0,2,68.0,3,3,4,5,1,1,0,0
352631.0,1,75.0,5,5,4,5,1,1,0,0
350794.0,2,18.0,2,2,2,5,1,1,0,0
351133.0,2,45.0,4,4,4,5,1,1,1,8
351221.0,2,24.0,2,3,2,5,1,1,1,7
352576.0,1,39.0,4,2,3,3,1,1,1,10
352214.0,2,89.0,2,3,3,5,1,1,0,0
350889.0,1,82.0,2,3,2,5,1,1,0,0
351810.0,2,48.0,3,2,4,5,1,1,1,2
352220.0,2,56.0,3,5,2,4,1,1,0,0
352275.0,1,52.0,4,3,1,5,1,1,1,9
352212.0,2,53.0,3,4,3,5,1,1,0,0
352037.0,1,45.0,3,3,5,5,1,1,1,6
351267.0,1,33.0,4,4,4,5,1,1,1,5
351604.0,1,43.0,4,4,4,5,1,1,1,5
351633.0,2,81.0,3,3,3,5,1,1,0,0
351239.0,2,32.0,3,1,4,5,1,1,1,4
350837.0,2,71.0,3,4,4,4,1,1,0,0
350365.0,1,47.0,1,5,2,5,1,0,0,0
352681.0,1,56.0,2,2,4,5,1,1,0,0
350378.0,1,25.0,3,4,4,5,1,1,1,7
350273.0,2,29.0,4,5,5,5,1,1,0,0
350816.0,2,24.0,2,2,4,5,1,1,1,7
351446.0,1,55.0,3,4,4,5,1,1,1,10
352667.0,2,26.0,3,3,3,5,1,0,0,0
351974.0,1,25.0,3,2,4,4,1,1,1,8
350522.0,1,30.0,4,2,3,5,1,1,1,9
350912.0,2,25.0,2,2,4,5,1,1,1,8
351103.0,1,31.0,5,5,5,5,1,1,1,10
352286.0,1,31.0,1,4,3,5,1,1,1,7
350569.0,2,25.0,5,5,5,5,1,1,0,0
350158.0,1,54.0,3,3,3,5,1,1,1,0
352201.0,1,64.0,4,5,4,5,1,1,0,0
350930.0,2,38.0,2,5,4,5,1,1,1,2
351396.0,1,64.0,3,2,3,4,1,1,0,0
351504.0,2,70.0,5,5,5,5,1,1,0,0
351902.0,2,49.0,5,5,5,5,1,1,1,10
351874.0,2,57.0,4,2,3,4,1,1,1,10
351831.0,1,50.0,5,4,4,5,1,1,1,8
351659.0,2,18.0,3,3,4,5,1,1,0,0
351951.0,2,48.0,3,3,2,5,1,1,1,9
352817.0,2,31.0,5,5,5,5,1,1,1,8
351240.0,1,30.0,4,2,2,5,1,1,1,0
350092.0,1,31.0,5,2,3,5,1,1,1,7
351339.0,1,33.0,5,5,5,5,1,1,1,10
350470.0,2,20.0,4,5,4,5,1,0,1,8
351106.0,2,33.0,3,5,5,5,1,1,0,0
352289.0,1,62.0,4,3,4,4,1,1,1,4
350858.0,2,36.0,3,3,3,5,1,1,0,0
352420.0,1,39.0,4,4,4,4,1,1,1,1
351315.0,1,44.0,3,3,3,5,1,1,1,8
351584.0,2,50.0,4,4,4,3,1,1,0,0
352285.0,1,34.0,4,5,5,4,1,1,1,7
350706.0,1,69.0,3,4,4,3,1,0,0,0
351799.0,2,60.0,5,5,5,3,1,0,0,0
350124.0,2,61.0,2,5,4,5,1,1,0,0
352723.0,1,21.0,3,3,3,4,1,1,0,0
350776.0,1,30.0,2,2,2,5,1,1,0,0
352857.0,2,53.0,4,4,4,5,1,1,0,0
352702.0,2,34.0,4,4,4,3,1,1,0,0
350260.0,1,55.0,3,3,3,3,1,1,1,0
350444.0,2,65.0,2,2,2,4,1,1,1,3
350308.0,2,35.0,2,2,4,5,1,1,1,1
351830.0,2,29.0,4,3,4,1,1,1,0,0
352664.0,1,74.0,1,3,3,3,1,1,0,0
350218.0,1,86.0,3,2,3,5,1,1,0,0
352388.0,2,27.0,4,2,4,5,1,1,1,1
352550.0,2,55.0,5,5,5,5,1,1,1,6
352713.0,1,45.0,2,2,3,5,1,1,1,4
351376.0,2,58.0,3,4,3,5,1,1,0,0
350497.0,2,54.0,3,4,4,5,1,1,1,9
350236.0,1,84.0,2,2,4,3,1,1,0,0
352294.0,1,62.0,4,3,3,5,1,1,1,7
352816.0,1,69.0,4,4,5,5,1,1,0,0
350687.0,1,58.0,2,4,4,5,1,1,1,2
350200.0,2,55.0,2,2,2,5,1,1,1,3
351728.0,2,51.0,2,3,4,5,1,1,1,4
352239.0,2,18.0,2,2,4,5,1,1,1,1
350693.0,1,80.0,3,5,2,5,1,1,0,0
350484.0,1,26.0,3,3,3,5,1,1,1,6
351858.0,1,58.0,3,3,3,5,1,1,1,6
350749.0,1,35.0,4,4,3,5,1,1,0,0
352593.0,2,37.0,2,2,4,5,1,1,0,0
351768.0,1,58.0,3,2,2,4,1,1,1,4
350587.0,2,53.0,5,5,5,5,1,0,1,7
352846.0,1,24.0,3,3,4,5,1,1,1,5
352120.0,1,46.0,5,4,4,4,1,1,1,0
350595.0,2,48.0,5,2,2,5,1,1,1,4
351089.0,2,54.0,3,3,3,5,1,1,1,5
351923.0,1,71.0,3,4,5,5,1,1,0,0
352245.0,1,53.0,2,2,2,5,1,1,1,2
350538.0,2,53.0,2,2,4,4,1,1,1,3
351271.0,2,49.0,3,2,3,5,1,1,1,2
351202.0,2,27.0,2,3,4,5,1,1,1,6
352390.0,1,65.0,2,2,2,4,1,1,0,0
350330.0,1,56.0,3,3,3,4,1,1,1,4
352432.0,2,53.0,4,2,2,5,1,1,1,6
350791.0,2,61.0,3,4,4,5,1,1,1,8
351029.0,2,25.0,3,3,4,5,1,1,0,0
351193.0,2,59.0,2,3,3,5,1,1,1,4
351552.0,1,72.0,2,3,3,5,1,1,0,0
350097.0,2,42.0,4,4,4,3,1,1,1,6
350575.0,2,51.0,2,5,3,5,1,1,1,6
352435.0,2,58.0,2,2,2,5,1,1,1,3
350730.0,2,88.0,4,3,4,5,1,1,0,0
351575.0,2,61.0,4,4,4,5,1,1,0,0
350758.0,1,81.0,3,3,3,4,1,1,0,0
350999.0,1,53.0,4,4,4,5,1,1,1,10
351097.0,2,49.0,2,2,2,5,1,1,1,5
350718.0,2,71.0,4,2,4,4,1,1,0,0
352483.0,1,78.0,3,4,4,4,1,1,0,0
352594.0,1,55.0,2,1,1,4,1,1,0,0
351956.0,1,57.0,1,4,4,5,1,1,1,1
351011.0,1,31.0,4,4,5,5,1,1,1,9
350205.0,1,73.0,2,2,2,2,1,1,0,0
352050.0,2,58.0,3,2,4,5,1,1,0,0
352834.0,2,45.0,5,5,5,5,1,1,1,8
350928.0,2,30.0,2,2,2,5,1,1,1,9
351281.0,2,64.0,3,3,3,2,1,1,0,0
350039.0,2,26.0,3,3,3,5,1,1,1,1
351252.0,2,63.0,4,4,3,4,1,1,0,0
351431.0,2,41.0,3,2,2,5,1,1,1,5
351732.0,2,51.0,3,3,3,3,1,1,0,0
350680.0,2,72.0,3,3,3,4,1,1,0,0
350022.0,1,49.0,5,3,5,5,1,0,1,5
351527.0,2,78.0,3,4,4,5,1,1,0,0
351298.0,1,49.0,4,2,4,5,1,1,1,10
350656.0,1,45.0,1,1,4,4,1,1,1,8
352721.0,1,79.0,2,4,4,5,1,1,0,0
352060.0,1,71.0,2,4,2,4,1,1,0,0
352676.0,1,32.0,1,1,1,5,1,1,1,6
351077.0,1,55.0,5,5,5,4,1,0,0,0
351088.0,2,50.0,5,5,5,5,1,1,1,3
352001.0,1,65.0,5,5,4,3,1,1,1,8
351962.0,1,64.0,1,1,1,4,1,1,0,0
351848.0,1,69.0,3,5,3,4,1,1,0,0
351878.0,2,72.0,2,5,4,5,1,1,0,0
352736.0,1,69.0,5,2,4,5,1,1,1,10
352542.0,2,51.0,4,4,2,5,1,1,1,7
352374.0,1,36.0,2,4,3,4,1,1,1,9
350777.0,1,54.0,4,4,4,4,1,1,1,10
351698.0,1,76.0,5,5,4,4,1,1,0,0
352211.0,1,66.0,3,4,3,4,1,1,0,0
350224.0,2,66.0,4,5,4,4,1,1,0,0
350442.0,2,38.0,5,5,5,5,1,0,1,0
351155.0,2,39.0,2,2,3,5,1,1,1,2
352665.0,1,42.0,2,3,3,5,1,1,1,10
352655.0,1,51.0,3,4,3,3,1,1,1,8
351061.0,1,72.0,4,3,3,4,1,1,1,0
351002.0,1,56.0,4,3,3,3,1,1,1,5
350645.0,2,74.0,3,4,2,4,1,1,0,0
350295.0,2,58.0,4,4,3,5,1,1,0,0
351270.0,2,42.0,3,2,3,5,1,1,1,2
350159.0,2,57.0,3,2,3,5,1,1,1,0
350505.0,2,52.0,4,3,3,5,1,0,1,7
350145.0,2,60.0,4,5,3,4,1,1,0,0
350436.0,2,38.0,3,3,3,4,1,0,1,9
350317.0,1,54.0,4,5,3,5,1,1,1,8
350201.0,2,36.0,5,5,4,5,1,1,0,0
351243.0,1,65.0,3,1,3,5,1,1,0,0
350955.0,2,71.0,4,4,4,5,1,1,0,0
351546.0,2,75.0,4,4,4,4,1,1,0,0
351882.0,2,63.0,3,4,3,4,1,1,1,10
350185.0,2,63.0,2,3,3,4,1,1,1,4
352415.0,1,80.0,4,3,2,5,1,1,0,0
351442.0,2,53.0,4,3,3,5,1,0,1,3
351416.0,1,63.0,4,4,4,5,1,1,0,0
352080.0,2,32.0,3,4,4,4,1,1,1,3
350765.0,1,63.0,4,4,3,4,1,1,0,0
350523.0,1,60.0,5,5,5,4,1,1,1,10
350580.0,2,67.0,1,1,1,5,1,1,0,0
352691.0,2,32.0,3,3,3,5,1,1,1,4
351892.0,2,59.0,4,4,4,5,1,0,1,10
350396.0,2,43.0,2,2,2,4,1,1,1,2
352160.0,2,64.0,1,2,2,2,1,1,0,0
351948.0,1,52.0,5,3,4,5,1,0,1,10
352477.0,2,71.0,3,2,2,5,1,1,0,0
350624.0,1,30.0,4,4,4,4,1,1,1,10
350429.0,1,76.0,5,4,0,5,1,1,0,0
352840.0,2,30.0,3,4,2,5,1,1,1,7
352053.0,1,50.0,5,2,4,5,1,1,1,5
352014.0,2,34.0,5,5,2,5,1,1,0,0
350686.0,1,70.0,4,5,5,5,1,1,0,0
351142.0,2,67.0,2,2,3,4,1,1,0,0
350514.0,1,21.0,2,2,3,5,1,1,1,6
350728.0,1,48.0,3,4,3,5,1,1,1,6
350623.0,1,68.0,4,2,2,5,1,1,1,7
352818.0,2,37.0,5,5,4,5,1,1,0,0
351307.0,2,47.0,3,4,3,5,1,1,1,0
352780.0,2,37.0,5,4,3,5,1,1,1,5
350653.0,2,47.0,3,3,3,5,1,1,1,9
351505.0,1,26.0,4,2,4,4,1,1,1,9
351597.0,2,50.0,3,4,2,4,1,1,0,0
351497.0,1,54.0,3,2,3,5,1,1,1,6
350008.0,2,33.0,2,4,3,5,1,1,1,9
351828.0,1,34.0,3,4,3,5,1,1,1,9
350786.0,1,45.0,2,2,4,5,1,1,0,0
351706.0,2,81.0,3,5,5,1,1,1,0,0
352393.0,1,74.0,2,2,2,4,1,1,0,0
351588.0,2,65.0,2,3,4,4,1,1,0,0
352446.0,2,76.0,4,4,4,4,1,1,0,0
351186.0,2,45.0,3,4,3,5,1,1,1,5
350192.0,1,31.0,3,4,3,5,1,1,1,4
352316.0,2,80.0,4,4,3,5,1,1,0,0
351165.0,2,70.0,4,4,4,5,1,1,0,0
351043.0,1,29.0,5,4,4,5,1,1,1,6
350942.0,1,28.0,5,3,3,4,1,1,1,7
350402.0,2,41.0,5,5,3,4,1,1,1,7
350247.0,2,46.0,5,5,5,5,1,0,1,0
352717.0,1,89.0,4,4,3,5,1,1,0,0
352692.0,1,49.0,5,4,2,5,1,1,1,6
350233.0,2,33.0,3,4,3,5,1,1,1,8
352628.0,1,77.0,2,3,3,5,1,1,0,0
350643.0,1,38.0,4,3,2,5,1,1,1,7
352382.0,2,21.0,3,3,3,5,1,1,0,0
350235.0,2,28.0,3,2,4,5,1,1,1,7
352131.0,1,46.0,2,2,2,5,1,1,1,3
352800.0,2,33.0,4,4,4,5,1,1,1,0
351463.0,2,35.0,3,3,3,5,1,1,0,0
351754.0,2,43.0,5,5,5,5,1,0,1,5
351367.0,2,49.0,5,4,3,5,1,1,1,2
350918.0,1,53.0,3,4,4,5,1,1,0,0
352814.0,2,54.0,4,4,4,5,1,1,0,0
350639.0,1,46.0,5,5,5,5,1,1,1,10
351641.0,1,51.0,5,5,5,5,1,1,1,10
351322.0,2,81.0,4,4,3,4,1,1,0,0
352292.0,2,67.0,3,4,4,4,1,1,1,5
352871.0,2,33.0,4,4,4,4,1,1,0,0
352785.0,2,62.0,3,3,3,5,1,1,0,0
352699.0,1,43.0,4,2,4,4,1,1,1,10
352040.0,1,65.0,3,3,3,5,1,1,0,0
350613.0,2,38.0,4,4,4,5,1,1,0,0
350229.0,1,39.0,3,4,3,5,1,0,0,0
351445.0,2,43.0,3,2,3,5,3,1,1,3
352389.0,2,62.0,1,1,3,4,3,1,0,0
350455.0,2,71.0,2,2,3,4,3,1,0,0
350151.0,1,28.0,3,3,2,5,3,1,0,0
351337.0,2,76.0,5,4,5,5,3,0,0,0
351691.0,1,69.0,5,4,3,4,3,1,0,0
350117.0,1,43.0,3,2,5,5,3,1,1,4
351465.0,1,52.0,3,2,2,5,3,1,1,8
352724.0,1,31.0,5,3,4,5,3,1,1,3
350986.0,2,59.0,3,4,3,4,3,1,1,3
350570.0,2,68.0,2,4,5,5,3,1,0,0
350132.0,2,45.0,4,4,4,5,3,0,1,5
351905.0,2,64.0,4,4,3,5,3,1,0,0
352290.0,2,19.0,2,4,4,5,3,1,1,2
352325.0,1,48.0,2,4,2,5,3,1,1,6
351978.0,2,50.0,2,4,2,5,3,1,1,2
352281.0,2,80.0,2,3,4,5,3,1,0,0
351579.0,1,57.0,3,4,2,5,1,1,1,4
351518.0,2,60.0,3,2,2,5,1,1,0,0
350284.0,2,78.0,2,5,2,5,1,1,0,0
351357.0,2,69.0,3,2,2,5,1,1,0,0
350044.0,2,77.0,3,2,2,4,1,1,0,0
351364.0,1,54.0,4,3,2,5,1,1,1,5
352305.0,1,53.0,4,3,2,5,1,1,1,10
351879.0,1,44.0,3,4,2,5,1,1,1,9
351929.0,2,32.0,3,2,3,4,1,1,1,9
351246.0,1,46.0,2,2,2,5,1,1,1,10
350944.0,1,85.0,3,4,4,5,1,0,0,0
352464.0,2,57.0,2,3,3,5,1,1,0,0
351258.0,1,67.0,3,3,3,4,1,1,0,0
352304.0,2,83.0,3,3,3,5,1,1,0,0
352418.0,1,22.0,1,1,2,4,1,1,1,0
352436.0,2,51.0,3,3,4,3,1,1,1,1
350327.0,2,63.0,2,2,2,4,1,1,0,0
351658.0,1,59.0,4,4,3,5,1,1,1,10
351044.0,2,84.0,2,2,3,5,1,1,0,0
351554.0,2,44.0,4,4,3,5,1,1,1,10
351606.0,1,65.0,4,4,4,4,1,1,0,0
352003.0,2,59.0,2,2,4,5,1,1,1,7
350638.0,1,66.0,2,2,2,5,1,1,0,0
351309.0,2,74.0,4,4,4,5,1,1,0,0
351669.0,1,43.0,1,2,3,5,1,1,1,7
352061.0,2,56.0,2,2,2,4,1,1,1,0
351084.0,2,67.0,2,5,2,5,1,1,1,3
352602.0,2,55.0,1,4,2,5,1,0,1,5
350462.0,1,43.0,2,2,2,5,1,1,1,9
352863.0,1,80.0,2,3,4,4,1,1,0,0
350626.0,2,61.0,4,5,3,3,1,1,1,5
350448.0,1,53.0,5,5,5,5,1,0,1,4
350866.0,2,78.0,3,3,3,5,1,1,0,0
351723.0,1,66.0,5,5,1,5,1,1,0,0
350214.0,1,50.0,3,3,3,5,1,1,0,0
352752.0,2,32.0,1,1,1,4,1,1,1,3
352545.0,2,71.0,2,2,2,5,1,1,0,0
351489.0,2,62.0,5,5,5,5,1,1,0,0
350873.0,2,70.0,2,5,4,5,1,1,1,3
350256.0,1,88.0,1,1,1,4,1,1,0,0
350210.0,2,47.0,5,5,4,5,1,1,0,0
351126.0,1,32.0,3,3,4,3,1,1,1,2
350915.0,2,62.0,3,3,4,5,1,1,0,0
351090.0,2,55.0,4,4,4,5,1,1,1,2
351385.0,1,59.0,2,2,2,5,1,1,0,0
352496.0,2,40.0,2,3,4,5,1,1,0,0
351156.0,2,28.0,2,2,4,4,1,1,0,0
351194.0,2,50.0,3,3,4,5,1,1,1,2
351204.0,1,37.0,2,4,2,5,1,1,1,1
352804.0,2,18.0,2,2,4,5,1,1,1,3
350572.0,2,55.0,3,2,4,5,1,1,0,0
351507.0,2,43.0,4,5,5,5,1,1,0,0
351342.0,2,41.0,3,2,4,5,1,1,0,0
350846.0,2,22.0,2,2,3,4,1,1,1,6
350664.0,2,36.0,3,3,4,5,1,1,0,0
350898.0,2,53.0,2,4,2,5,1,1,0,0
352250.0,1,56.0,4,5,4,4,1,1,0,0
351323.0,2,54.0,2,2,2,4,1,1,1,1
351967.0,1,25.0,4,3,4,5,1,1,0,0
352830.0,1,59.0,2,3,3,5,1,1,0,0
350091.0,2,40.0,2,3,4,4,1,1,1,7
352544.0,2,30.0,3,3,3,4,1,1,0,0
350060.0,1,47.0,2,2,3,5,1,1,1,3
351208.0,1,37.0,2,2,3,5,1,1,0,0
351790.0,2,65.0,4,4,4,5,1,0,0,0
352378.0,2,39.0,5,5,5,5,1,0,1,9
352865.0,1,86.0,1,1,1,5,1,1,0,0
352689.0,1,42.0,5,5,4,4,1,1,1,9
350583.0,1,46.0,3,4,2,5,1,1,1,9
352391.0,1,77.0,2,3,4,5,1,1,0,0
350102.0,2,71.0,2,3,2,4,1,1,0,0
350743.0,2,51.0,3,4,3,5,1,1,1,6
350894.0,1,74.0,3,4,4,1,1,1,0,0
350809.0,1,70.0,5,5,4,5,1,1,0,0
350070.0,2,56.0,2,2,2,5,1,1,1,7
350082.0,1,64.0,3,3,4,4,1,1,0,0
351890.0,2,84.0,3,2,4,5,1,1,0,0
350149.0,1,45.0,4,4,3,5,1,0,1,5
350578.0,1,20.0,3,4,5,5,1,0,1,3
352077.0,1,36.0,2,4,4,5,1,0,1,1
350861.0,2,30.0,4,4,4,5,1,0,0,0
351110.0,1,30.0,5,4,4,5,1,1,1,0
352809.0,2,25.0,2,2,2,5,1,1,1,1
350557.0,2,35.0,4,4,4,3,1,1,0,0
350996.0,2,49.0,5,5,5,5,1,0,0,0
352805.0,1,47.0,2,4,4,5,1,1,0,0
350887.0,1,19.0,3,4,3,4,1,1,0,0
352046.0,2,72.0,4,4,5,2,1,1,0,0
351957.0,2,21.0,2,2,4,5,1,1,0,0
352097.0,1,37.0,4,4,4,5,1,1,1,2
350451.0,2,58.0,3,3,3,5,1,1,1,0
351842.0,2,28.0,3,4,4,5,1,0,1,0
350382.0,2,38.0,3,4,4,5,1,1,1,4
351008.0,2,20.0,3,3,4,5,1,1,0,0
351180.0,2,27.0,2,2,2,5,1,1,1,6
351469.0,2,31.0,3,3,3,5,1,1,0,0
352209.0,2,69.0,3,3,3,5,1,1,0,0
350407.0,1,86.0,3,2,3,5,1,1,0,0
351188.0,2,31.0,3,3,3,5,1,1,0,0
350899.0,2,65.0,2,2,3,5,1,1,0,0
350679.0,2,66.0,3,3,4,5,1,1,0,0
350363.0,2,80.0,3,2,3,5,1,1,0,0
351528.0,1,37.0,5,3,4,5,1,1,1,0
350203.0,2,30.0,3,2,3,5,1,1,1,7
352829.0,2,33.0,2,3,3,5,1,1,0,0
352704.0,1,35.0,3,3,4,5,1,1,0,0
352312.0,2,75.0,3,3,3,5,1,1,0,0
351472.0,1,60.0,3,3,3,5,1,1,0,0
350263.0,1,82.0,3,2,3,5,1,1,0,0
350483.0,2,78.0,3,3,4,5,1,1,0,0
352461.0,2,54.0,2,4,2,5,1,1,1,4
352024.0,1,24.0,4,2,4,5,1,1,0,0
351535.0,1,73.0,2,4,4,5,1,1,0,0
350979.0,2,68.0,2,3,2,5,1,1,0,0
350836.0,2,27.0,2,2,3,5,1,1,0,0
352288.0,2,59.0,2,2,2,5,1,1,0,0
352081.0,1,68.0,3,3,4,5,1,1,0,0
352637.0,1,68.0,2,2,4,5,1,1,0,0
352743.0,2,58.0,3,2,4,5,1,1,1,2
352332.0,1,49.0,3,2,1,5,1,1,0,0
351435.0,2,43.0,2,2,2,5,1,1,1,4
350337.0,2,34.0,3,2,4,5,1,1,1,2
351623.0,1,21.0,2,2,3,5,1,1,0,0
352276.0,2,45.0,2,2,4,5,1,1,1,7
351086.0,1,59.0,3,2,5,4,1,1,1,9
351708.0,2,45.0,1,1,1,5,1,1,1,7
350095.0,1,54.0,2,4,4,5,1,1,1,3
352008.0,2,40.0,2,4,3,5,1,1,0,0
351725.0,1,25.0,2,2,4,5,1,1,1,7
350888.0,1,63.0,1,1,1,4,1,1,0,0
351682.0,2,67.0,4,2,2,4,1,1,0,0
351861.0,2,30.0,3,3,4,5,1,1,1,3
352745.0,2,27.0,2,2,4,5,1,1,1,8
351479.0,2,54.0,2,4,2,4,1,1,1,4
352348.0,2,45.0,3,2,2,5,1,1,1,3
350759.0,2,54.0,3,4,4,5,1,1,1,10
350101.0,1,20.0,2,2,4,5,1,1,1,5
352451.0,2,79.0,5,4,4,5,1,1,0,0
351216.0,1,53.0,3,4,4,5,1,1,0,0
350582.0,1,68.0,4,4,4,4,1,1,1,10
352096.0,2,43.0,5,5,4,3,1,1,1,7
350535.0,2,54.0,3,3,3,5,1,1,1,7
352793.0,2,76.0,4,5,3,4,1,0,0,0
350156.0,2,63.0,1,1,3,5,1,1,0,0
351857.0,2,86.0,2,3,2,5,1,1,0,0
350139.0,1,61.0,2,3,1,5,1,1,0,0
350975.0,2,65.0,5,5,5,5,1,1,0,0
352611.0,2,59.0,3,4,2,5,1,1,0,0
350636.0,2,36.0,2,4,4,4,1,1,1,2
352725.0,1,64.0,3,3,3,4,1,1,0,0
351181.0,1,71.0,3,3,3,4,1,1,0,0
351984.0,2,66.0,3,3,3,4,1,1,0,0
350585.0,2,70.0,3,3,3,4,1,1,0,0
352327.0,1,73.0,3,2,2,4,1,1,0,0
350035.0,1,45.0,3,3,3,4,1,1,0,0
351558.0,1,23.0,3,3,3,4,1,1,0,0
350977.0,1,53.0,3,3,3,4,1,1,1,10
350820.0,1,82.0,3,3,3,5,1,1,0,0
351343.0,2,57.0,3,2,2,4,1,1,1,7
350690.0,2,37.0,3,3,3,4,1,1,1,2
351403.0,2,46.0,3,2,4,5,1,1,0,0
351332.0,1,29.0,3,3,4,5,1,1,1,5
351714.0,2,32.0,2,2,2,5,1,1,1,2
351104.0,1,36.0,4,2,2,5,1,1,0,0
350147.0,2,47.0,2,3,4,5,1,1,1,4
350761.0,2,29.0,5,4,5,4,1,1,1,4
351823.0,2,21.0,3,3,5,5,1,1,1,5
352625.0,2,42.0,3,2,3,5,1,1,0,0
352607.0,1,63.0,2,2,2,3,1,1,0,0
351330.0,2,43.0,2,3,2,5,1,1,1,8
351041.0,2,59.0,2,2,3,5,1,1,0,0
350085.0,1,45.0,2,4,2,5,1,1,1,7
350938.0,2,78.0,4,5,4,5,1,1,0,0
351393.0,1,84.0,2,2,4,4,1,1,0,0
352533.0,2,82.0,3,4,3,5,1,1,0,0
350536.0,1,39.0,2,2,2,5,1,1,1,4
351175.0,1,65.0,2,3,4,5,1,1,0,0
350869.0,2,69.0,3,3,2,5,1,1,0,0
350430.0,2,83.0,3,3,3,4,1,1,0,0
352417.0,2,36.0,2,2,2,4,1,1,0,0
351646.0,2,35.0,3,3,3,5,1,1,1,3
352381.0,1,77.0,3,3,3,3,1,1,0,0
351664.0,1,68.0,2,2,2,5,1,1,0,0
351349.0,1,77.0,3,2,2,4,1,1,0,0
350734.0,2,46.0,4,4,4,5,1,1,1,2
352344.0,1,38.0,2,2,2,5,1,1,1,0
351907.0,2,88.0,2,3,2,4,1,1,0,0
352508.0,1,75.0,2,3,2,5,1,1,0,0
350010.0,2,56.0,2,2,3,5,1,1,1,4
351670.0,1,50.0,2,2,4,5,1,1,1,1
351683.0,1,25.0,3,3,4,5,1,1,0,0
350340.0,1,26.0,3,2,4,3,1,1,1,0
350199.0,2,62.0,1,1,1,5,1,1,0,0
352701.0,1,52.0,3,3,0,5,1,1,0,0
352491.0,1,74.0,5,5,5,3,1,0,0,0
352500.0,2,36.0,2,4,3,4,1,1,1,4
351273.0,1,26.0,4,4,5,4,1,1,1,7
352117.0,2,67.0,1,1,2,5,1,1,0,0
351987.0,1,31.0,5,4,5,4,1,0,1,10
352488.0,2,52.0,4,4,4,5,1,0,0,0
352603.0,1,27.0,5,4,4,3,1,1,0,0
351994.0,1,54.0,4,3,2,5,1,1,1,5
351769.0,2,23.0,5,5,5,4,1,0,0,0
350432.0,1,34.0,3,2,2,4,1,1,0,0
352767.0,1,23.0,4,5,5,3,1,1,0,0
351972.0,2,18.0,3,4,3,5,1,1,0,0
351569.0,2,47.0,3,3,3,2,1,1,0,0
350417.0,2,51.0,3,4,2,5,1,1,1,1
351981.0,1,57.0,2,3,3,3,1,1,0,0
350916.0,2,47.0,2,2,3,5,1,1,1,1
351015.0,2,41.0,2,2,4,5,1,1,1,6
350460.0,2,82.0,4,4,2,4,1,1,0,0
350268.0,2,81.0,4,3,4,4,1,1,0,0
352188.0,2,71.0,1,2,2,4,1,1,0,0
351210.0,2,79.0,3,2,2,4,1,1,0,0
351807.0,1,78.0,1,3,3,4,1,1,0,0
351942.0,1,83.0,2,3,2,3,1,1,0,0
350216.0,2,47.0,5,2,4,5,1,1,1,4
350155.0,2,48.0,4,4,3,5,1,1,1,9
351389.0,1,67.0,5,5,4,4,1,1,0,0
350810.0,1,83.0,4,3,4,4,1,1,0,0
350098.0,2,70.0,2,3,2,4,1,1,0,0
350568.0,1,81.0,3,4,3,5,1,1,0,0
350057.0,1,39.0,4,4,4,5,1,1,1,4
351102.0,1,62.0,1,4,4,3,1,1,0,0
351308.0,2,52.0,5,4,5,5,1,1,1,4
351136.0,1,77.0,2,3,2,5,1,1,0,0
350560.0,2,90.0,2,4,4,5,1,1,0,0
351662.0,1,25.0,2,2,4,4,1,1,1,5
351945.0,2,65.0,4,4,4,5,1,0,0,0
351990.0,2,60.0,1,1,1,5,1,1,1,8
351897.0,1,55.0,4,5,4,5,1,1,1,9
352671.0,2,61.0,3,4,4,5,1,1,1,10
350426.0,2,76.0,3,4,4,5,1,1,0,0
351920.0,2,63.0,4,4,4,5,1,1,0,0
350925.0,1,44.0,2,2,2,5,1,1,1,0
351305.0,1,42.0,2,4,4,5,1,0,1,7
351864.0,2,30.0,3,2,2,5,1,1,1,2
351539.0,2,43.0,4,4,4,5,1,1,1,1
351261.0,1,60.0,4,4,4,5,1,1,0,0
352666.0,2,46.0,2,1,2,5,1,1,1,4
350375.0,1,35.0,2,2,2,5,1,1,1,5
352079.0,1,40.0,1,4,1,3,1,1,1,10
350615.0,2,35.0,3,4,5,5,1,1,1,3
351809.0,2,44.0,5,5,5,5,1,1,1,2
351460.0,2,69.0,3,5,0,1,1,1,0,0
352010.0,2,46.0,2,4,3,5,1,1,1,7
350493.0,2,43.0,2,2,2,5,1,1,1,1
352801.0,1,63.0,4,4,2,4,1,1,0,0
351996.0,2,78.0,3,4,3,4,1,1,0,0
350270.0,1,58.0,3,5,4,5,1,1,1,2
351510.0,2,68.0,3,4,4,5,1,1,0,0
350500.0,2,65.0,4,2,2,5,1,1,0,0
351796.0,2,55.0,3,2,2,5,1,1,0,0
351158.0,1,47.0,4,4,3,4,1,1,1,10
351159.0,1,69.0,2,2,3,4,1,1,0,0
350893.0,2,46.0,2,2,5,5,1,1,1,10
350329.0,2,32.0,2,3,4,5,1,1,1,4
352568.0,1,42.0,2,2,3,5,1,1,0,0
351378.0,2,65.0,4,4,5,4,1,1,0,0
352468.0,2,51.0,2,4,2,5,1,1,1,1
350234.0,1,18.0,2,4,3,4,1,1,1,2
350381.0,2,34.0,2,3,3,5,1,1,1,6
352828.0,2,64.0,3,3,3,5,1,1,0,0
351436.0,2,48.0,3,4,4,5,1,1,1,3
352577.0,1,36.0,3,2,4,5,1,1,1,1
350272.0,2,42.0,3,3,4,5,1,1,1,1
352794.0,2,67.0,3,4,4,5,1,1,0,0
350440.0,2,42.0,3,4,5,5,1,1,1,1
350078.0,1,79.0,2,5,5,5,1,1,0,0
351784.0,2,42.0,3,3,3,5,1,1,0,0
352229.0,2,42.0,3,4,4,5,1,1,1,2
350845.0,1,25.0,2,3,3,5,1,1,1,1
351841.0,2,48.0,2,2,4,5,1,1,0,0
351563.0,2,24.0,2,2,2,5,1,1,0,0
351162.0,1,41.0,2,2,2,4,1,1,0,0
351824.0,1,20.0,3,2,2,5,1,1,0,0
352768.0,1,78.0,3,2,2,5,1,1,0,0
352167.0,2,92.0,3,4,4,5,1,0,0,0
352303.0,2,48.0,4,5,5,5,1,1,0,0
350662.0,2,52.0,3,4,4,5,1,0,1,6
351731.0,2,75.0,4,4,4,5,1,1,0,0
350966.0,2,44.0,2,1,2,5,1,1,1,7
351105.0,1,60.0,2,2,2,5,1,1,0,0
351183.0,1,73.0,3,2,2,5,1,1,0,0
351213.0,2,55.0,5,3,5,5,1,0,1,3
351609.0,1,74.0,3,3,2,5,1,1,0,0
351545.0,2,67.0,4,4,4,5,1,1,0,0
352125.0,2,40.0,2,4,2,5,1,1,0,0
350068.0,1,69.0,4,2,4,5,1,1,0,0
350176.0,1,48.0,2,4,4,5,1,1,1,6
352350.0,1,71.0,2,4,2,4,1,1,1,7
352134.0,2,57.0,3,4,4,5,1,1,1,7
352363.0,1,42.0,4,2,3,5,1,1,1,3
350029.0,1,58.0,4,2,2,5,1,1,0,0
351548.0,2,85.0,2,4,2,5,1,1,0,0
352168.0,1,67.0,5,2,2,5,1,1,0,0
350779.0,2,49.0,3,3,3,5,1,1,0,0
351383.0,2,28.0,4,3,5,5,1,1,1,4
350819.0,1,57.0,2,2,2,5,1,1,1,1
352570.0,2,19.0,3,2,3,5,1,1,1,1
350266.0,1,18.0,3,3,3,5,1,1,1,3
352085.0,1,49.0,2,2,2,5,1,1,0,0
350288.0,2,71.0,2,2,2,5,1,1,0,0
352643.0,1,70.0,2,3,4,5,1,1,0,0
350042.0,1,61.0,2,3,3,3,1,1,0,0
351985.0,2,45.0,2,2,4,5,1,1,1,5
351390.0,1,58.0,2,4,2,5,1,1,0,0
351262.0,2,70.0,2,2,4,5,1,1,0,0
351532.0,2,63.0,4,2,4,4,1,1,0,0
351727.0,1,46.0,3,3,5,5,1,1,1,1
350310.0,2,35.0,4,4,4,5,1,1,0,0
351414.0,1,60.0,5,1,5,3,1,1,0,0
352213.0,2,66.0,2,2,5,5,1,1,0,0
351119.0,2,53.0,3,4,4,3,1,1,1,5
350261.0,1,67.0,2,4,2,4,1,1,0,0
352266.0,2,31.0,4,4,4,5,1,1,0,0
350374.0,2,38.0,3,4,3,5,1,1,1,6
352543.0,2,64.0,1,4,4,5,1,1,0,0
352753.0,2,38.0,2,2,5,5,1,1,1,6
352538.0,1,79.0,4,4,4,5,1,1,0,0
350115.0,2,42.0,1,5,4,5,1,1,1,6
352247.0,1,76.0,4,3,4,4,1,1,0,0
352869.0,1,51.0,3,3,4,5,1,1,1,7
350540.0,1,38.0,3,2,4,3,1,1,1,10
352559.0,1,63.0,3,4,3,5,1,1,0,0
350405.0,2,31.0,3,4,4,5,1,1,1,4
351340.0,2,34.0,3,3,4,5,1,1,1,5
350113.0,2,36.0,3,3,3,5,1,1,1,1
351676.0,2,66.0,4,5,4,5,1,1,0,0
352335.0,1,40.0,1,1,1,3,1,1,1,7
352300.0,2,35.0,3,2,3,5,1,1,1,3
352163.0,2,66.0,2,3,4,5,1,1,0,0
351722.0,1,77.0,4,4,4,5,1,1,0,0
351300.0,1,63.0,4,4,5,4,1,1,1,5
351835.0,2,83.0,3,4,3,5,1,1,0,0
350537.0,2,27.0,4,2,5,4,1,1,1,4
350831.0,2,52.0,2,3,2,5,1,1,1,7
351112.0,2,66.0,2,2,2,4,1,1,0,0
351970.0,1,77.0,2,3,2,2,1,1,0,0
352501.0,1,85.0,4,5,4,5,1,1,0,0
350161.0,2,82.0,4,2,2,5,1,1,0,0
350990.0,2,51.0,4,4,4,5,1,1,1,0
351746.0,2,33.0,3,3,2,5,1,1,1,4
351853.0,1,72.0,3,2,4,5,1,1,0,0
351135.0,1,57.0,3,3,4,2,1,1,1,10
350674.0,2,84.0,3,3,4,4,1,1,0,0
350852.0,1,64.0,3,2,4,5,1,1,1,6
351699.0,1,89.0,4,3,3,5,1,1,0,0
352314.0,2,77.0,3,2,2,3,1,1,0,0
350563.0,2,68.0,2,2,3,5,1,1,1,2
350372.0,2,67.0,2,2,2,5,1,1,0,0
352177.0,1,51.0,1,1,1,5,1,1,1,7
352251.0,2,24.0,2,1,3,5,1,1,0,0
350058.0,2,41.0,3,4,4,5,1,1,1,3
351783.0,2,60.0,4,4,3,5,1,1,0,0
352470.0,2,80.0,3,3,3,5,1,1,0,0
351366.0,1,54.0,2,2,2,5,1,1,1,5
352354.0,1,69.0,4,3,2,5,1,1,0,0
352048.0,2,58.0,3,3,3,1,1,1,1,1
352130.0,2,19.0,3,4,2,5,1,1,0,0
350487.0,1,65.0,4,3,4,5,1,1,0,0
350725.0,1,73.0,3,3,3,5,1,1,0,0
352535.0,2,26.0,5,5,5,4,1,0,0,0
352149.0,1,60.0,5,2,0,5,1,1,1,0
351703.0,1,42.0,3,5,2,5,1,1,1,0
350589.0,1,36.0,2,2,2,5,1,1,1,0
351700.0,1,22.0,3,2,2,5,1,1,0,0
351466.0,2,77.0,3,2,4,2,1,1,0,0
350848.0,2,66.0,3,4,4,5,1,1,0,0
351352.0,1,64.0,3,2,2,4,1,1,0,0
350508.0,1,76.0,3,2,2,5,1,1,0,0
350109.0,1,49.0,5,4,4,4,1,1,1,10
351716.0,2,96.0,3,4,2,4,1,1,0,0
352695.0,2,44.0,5,4,4,1,1,1,1,9
350157.0,1,41.0,4,4,2,4,1,1,1,10
351438.0,2,50.0,4,4,3,5,1,1,1,1
351742.0,2,49.0,3,3,3,5,1,1,1,9
351679.0,2,88.0,4,4,4,5,1,1,0,0
350376.0,2,41.0,2,4,4,5,1,1,1,3
350863.0,2,42.0,5,5,5,5,1,1,1,6
350631.0,1,31.0,4,3,2,5,1,1,1,2
350604.0,1,52.0,3,3,4,5,1,1,0,0
350486.0,1,36.0,2,2,2,5,1,1,1,3
352407.0,2,35.0,2,1,2,4,1,1,0,0
351822.0,1,62.0,4,3,4,5,1,1,1,2
350074.0,2,19.0,4,2,4,5,1,0,0,0
351502.0,2,45.0,2,2,3,4,1,1,1,2
351101.0,1,66.0,2,2,2,5,1,1,1,5
350412.0,2,37.0,3,3,3,5,1,1,0,0
352652.0,2,61.0,2,4,4,4,1,1,1,2
352509.0,2,48.0,2,2,2,5,1,1,1,1
351347.0,1,51.0,2,2,2,5,1,1,1,3
350532.0,1,75.0,3,2,2,3,1,1,1,10
351421.0,2,68.0,3,4,4,5,1,1,0,0
352706.0,2,47.0,5,5,5,5,1,0,1,5
351578.0,1,36.0,4,2,4,3,1,1,1,10
350016.0,1,53.0,4,4,4,5,1,1,0,0
352353.0,1,63.0,2,3,2,4,1,1,0,0
351470.0,1,67.0,3,3,3,3,1,1,1,0
350798.0,1,71.0,5,5,5,5,1,1,0,0
351151.0,2,53.0,5,5,5,5,1,1,1,5
350027.0,2,43.0,2,2,2,5,1,1,1,2
351492.0,1,45.0,3,4,5,5,1,1,1,10
351095.0,2,80.0,3,3,5,5,1,0,0,0
352758.0,1,37.0,4,5,3,5,1,1,1,10
350297.0,2,41.0,3,4,4,5,1,1,0,0
351509.0,2,41.0,3,3,3,2,1,1,0,0
352486.0,2,63.0,4,3,3,5,1,1,1,5
352298.0,2,39.0,3,2,3,4,1,1,1,3
351420.0,2,47.0,5,5,3,5,1,1,1,8
350353.0,2,78.0,3,4,2,5,1,1,0,0
352836.0,2,44.0,3,4,4,5,1,1,1,4
350824.0,2,71.0,3,4,4,5,1,1,0,0
351924.0,1,72.0,4,4,4,5,1,1,0,0
351516.0,2,73.0,3,5,2,5,1,1,0,0
352384.0,1,67.0,2,2,2,5,1,1,0,0
351335.0,2,54.0,4,3,3,5,1,1,0,0
350061.0,1,81.0,2,2,4,3,1,1,0,0
352225.0,2,30.0,4,2,2,5,1,1,0,0
352234.0,1,48.0,2,2,4,5,1,1,1,7
350286.0,1,42.0,2,2,2,4,1,1,1,8
350989.0,2,41.0,3,3,3,5,1,0,1,0
351154.0,2,49.0,4,4,5,5,1,1,0,0
351817.0,2,38.0,4,4,4,5,1,1,1,5
352831.0,1,18.0,4,4,4,5,1,1,0,0
350367.0,1,40.0,3,3,3,5,1,1,1,7
351850.0,2,61.0,2,2,2,5,1,1,1,6
351819.0,2,79.0,3,3,4,5,1,1,0,0
351483.0,2,31.0,2,3,2,5,1,1,0,0
352484.0,2,59.0,2,4,4,4,1,1,1,5
351943.0,2,84.0,4,4,4,5,1,1,0,0
351424.0,1,83.0,3,2,4,5,1,1,0,0
352467.0,1,20.0,3,4,3,4,1,0,1,0
352878.0,2,36.0,3,3,3,3,1,1,1,0
351794.0,1,32.0,3,3,3,2,1,1,0,0
350041.0,2,70.0,3,3,3,5,1,0,0,0
351242.0,2,37.0,3,4,4,5,1,1,1,0
350705.0,2,53.0,2,3,4,5,1,1,0,0
351826.0,2,66.0,3,3,3,5,1,1,0,0
352176.0,2,72.0,5,5,5,5,1,0,0,0
350434.0,2,45.0,2,2,2,5,1,1,0,0
351720.0,2,25.0,3,3,4,5,1,1,0,0
350541.0,1,24.0,3,2,4,4,1,1,1,2
351954.0,2,27.0,2,3,4,5,1,1,1,6
350253.0,1,47.0,4,5,5,5,1,1,1,8
350237.0,2,21.0,2,2,5,5,1,1,0,0
350428.0,1,42.0,4,2,4,5,1,1,0,0
351353.0,2,22.0,2,2,2,5,1,1,0,0
352185.0,1,50.0,2,2,4,4,1,1,1,3
350882.0,2,75.0,1,1,3,5,1,1,0,0
351782.0,2,42.0,2,1,2,5,1,1,1,5
352634.0,2,64.0,3,5,3,5,1,1,0,0
352657.0,2,29.0,3,2,3,5,1,1,0,0
352476.0,1,53.0,2,4,4,5,1,1,1,2
350835.0,2,76.0,2,3,3,4,1,1,0,0
351359.0,1,36.0,2,1,2,5,1,1,0,0
350565.0,1,64.0,4,4,2,5,1,1,1,6
351336.0,2,69.0,2,4,2,5,1,1,0,0
351855.0,1,42.0,2,2,4,5,1,1,1,6
351901.0,1,45.0,2,2,3,4,1,1,1,9
351918.0,1,26.0,2,2,2,5,1,1,1,8
351129.0,2,56.0,5,4,3,5,1,1,1,8
351600.0,2,51.0,2,2,2,5,1,1,1,2
350289.0,1,42.0,2,2,3,5,1,1,1,6
351024.0,1,61.0,2,2,2,5,1,1,0,0
351617.0,2,30.0,3,4,4,4,1,1,1,10
351484.0,2,27.0,4,2,2,5,1,1,1,6
352226.0,2,87.0,3,4,3,4,1,1,0,0
351625.0,2,33.0,3,3,4,4,1,0,1,1
350524.0,2,23.0,3,3,4,5,1,1,0,0
351750.0,2,33.0,3,4,4,5,1,1,0,0
352584.0,2,30.0,4,3,4,4,1,0,0,0
352688.0,2,30.0,2,2,3,5,1,1,1,1
352135.0,1,52.0,3,4,3,5,1,1,1,4
352520.0,2,33.0,3,3,3,5,1,1,1,3
350991.0,1,70.0,3,4,3,5,1,1,0,0
350362.0,2,42.0,1,1,1,5,1,1,1,6
350213.0,2,38.0,3,2,2,5,1,1,1,8
351374.0,2,25.0,4,4,4,4,1,1,0,0
350089.0,2,38.0,5,5,5,5,1,1,0,0
350937.0,1,45.0,4,3,4,5,1,1,1,6
351473.0,1,32.0,3,2,4,4,1,1,1,9
352101.0,1,71.0,2,4,2,4,1,1,1,0
352012.0,1,66.0,4,4,4,5,1,1,0,0
351583.0,2,42.0,4,4,5,5,1,0,1,3
351235.0,2,72.0,3,4,3,5,1,1,0,0
352347.0,2,43.0,2,2,2,5,1,1,1,0
350699.0,1,20.0,2,3,2,3,1,1,0,0
351324.0,1,72.0,4,4,3,5,1,1,0,0
352618.0,1,65.0,2,4,2,5,1,1,0,0
352541.0,2,62.0,2,4,3,3,1,1,0,0
351655.0,2,77.0,3,3,4,4,1,1,0,0
350186.0,2,63.0,3,2,2,5,1,1,1,3
351049.0,1,27.0,2,2,4,5,1,1,1,7
351333.0,1,32.0,3,2,5,4,1,1,1,7
350606.0,2,49.0,3,4,3,5,1,1,1,3
351285.0,2,42.0,3,4,2,5,1,1,1,8
351743.0,1,61.0,2,3,4,5,1,1,0,0
350826.0,1,46.0,2,2,2,5,1,1,1,10
350254.0,1,56.0,4,4,2,5,1,1,0,0
351295.0,2,59.0,3,3,3,5,1,0,1,5
350302.0,1,50.0,2,2,2,5,1,0,1,5
351976.0,2,42.0,5,5,5,5,1,1,1,7
352624.0,2,65.0,4,4,4,4,1,1,0,0
350052.0,1,67.0,3,3,2,3,1,1,0,0
351437.0,1,67.0,1,1,2,3,1,1,0,0
351268.0,2,75.0,4,4,4,5,1,1,0,0
350787.0,1,55.0,2,2,2,5,1,1,1,9
351748.0,2,58.0,2,2,2,2,1,1,1,0
352513.0,1,68.0,2,2,3,3,1,1,0,0
352751.0,2,60.0,3,4,4,5,1,1,0,0
350594.0,2,73.0,3,2,3,5,1,1,0,0
352787.0,2,20.0,3,2,4,4,1,1,0,0
352002.0,2,35.0,3,3,3,5,1,1,1,3
351648.0,2,53.0,2,3,4,4,1,1,0,0
351921.0,2,70.0,1,3,4,5,1,1,0,0
351157.0,2,51.0,2,2,4,5,1,1,0,0
352246.0,2,31.0,1,1,1,5,1,1,0,0
351581.0,1,51.0,2,4,5,4,1,1,1,10
351832.0,1,91.0,1,3,4,5,1,1,0,0
351739.0,2,28.0,3,2,4,5,1,1,1,2
352110.0,2,61.0,3,3,4,5,1,1,0,0
352190.0,1,74.0,2,2,4,5,1,1,0,0
351880.0,1,39.0,2,4,4,5,1,1,1,5
350746.0,1,89.0,3,3,3,4,1,1,0,0
350298.0,2,23.0,4,2,5,5,1,1,0,0
352430.0,2,61.0,3,4,3,5,1,1,1,5
351753.0,2,25.0,2,2,2,4,1,1,0,0
352444.0,2,33.0,3,3,2,5,1,1,1,3
351443.0,1,89.0,4,4,4,5,1,1,0,0
352471.0,2,45.0,2,4,2,5,1,1,1,7
351124.0,2,36.0,4,2,4,5,1,1,0,0
352074.0,1,43.0,2,3,2,5,1,1,1,9
351941.0,1,40.0,3,3,4,4,1,0,0,0
352460.0,1,83.0,3,2,3,5,1,1,0,0
350629.0,2,67.0,3,2,4,5,1,1,0,0
352769.0,2,70.0,4,4,5,5,1,1,0,0
352617.0,2,28.0,2,2,4,5,1,1,1,6
350026.0,2,35.0,4,2,4,4,1,1,1,5
350755.0,2,46.0,3,4,3,5,1,1,1,8
351014.0,2,18.0,2,2,3,5,1,1,0,0
351195.0,2,76.0,3,2,3,5,1,1,0,0
350642.0,1,73.0,4,4,4,5,1,1,0,0
351615.0,2,58.0,4,3,4,2,1,1,0,0
352095.0,1,22.0,4,5,4,4,1,1,1,2
350853.0,1,39.0,4,2,4,5,1,1,1,3
351910.0,2,57.0,3,4,3,5,1,1,1,0
350862.0,2,30.0,3,4,4,5,1,1,1,4
350581.0,2,44.0,3,3,3,5,1,1,0,0
350724.0,1,63.0,5,5,4,5,1,0,1,9
352216.0,2,24.0,4,2,3,4,1,1,1,8
350162.0,2,27.0,1,1,2,5,1,1,0,0
352406.0,2,57.0,3,2,4,5,1,1,1,2
350489.0,1,33.0,3,2,2,4,1,1,1,10
351003.0,2,19.0,4,4,4,5,1,1,0,0
351302.0,1,42.0,4,2,3,4,1,1,0,0
352651.0,1,55.0,4,4,4,4,1,1,1,9
350389.0,2,39.0,2,2,3,5,1,1,1,8
351813.0,2,59.0,3,3,3,5,1,1,1,2
352108.0,1,38.0,3,4,3,5,1,1,1,4
351644.0,2,62.0,3,3,3,5,1,1,0,0
350627.0,2,30.0,4,4,4,4,1,1,1,1
350127.0,1,91.0,3,3,2,4,1,1,0,0
351733.0,1,47.0,5,2,4,5,1,1,1,10
351179.0,2,26.0,3,4,2,5,1,1,1,7
351113.0,2,41.0,5,5,5,5,1,0,1,10
350238.0,1,45.0,2,2,3,5,1,1,1,7
350471.0,1,40.0,3,3,4,4,1,1,1,5
352524.0,1,32.0,2,2,4,5,1,1,1,10
351704.0,1,52.0,4,2,2,5,1,1,1,9
350481.0,1,85.0,4,4,2,4,1,1,0,0
350614.0,1,22.0,3,3,4,5,1,1,0,0
351566.0,2,75.0,3,2,4,5,1,1,0,0
351939.0,2,27.0,2,4,2,5,1,1,1,4
351804.0,2,40.0,2,4,4,4,1,1,0,0
352261.0,2,78.0,4,4,5,4,1,1,0,0
352260.0,1,80.0,3,4,4,5,1,1,0,0
351069.0,1,63.0,2,3,2,4,1,1,1,9
351212.0,2,46.0,1,1,1,5,1,1,1,6
351805.0,2,37.0,3,3,3,5,1,1,1,3
350276.0,2,60.0,2,4,4,3,1,1,0,0
352555.0,2,69.0,2,4,3,5,1,0,0,0
350281.0,1,60.0,4,4,4,5,1,0,1,4
350602.0,2,32.0,2,2,2,4,1,1,0,0
352277.0,2,57.0,4,4,4,5,1,0,0,0
352756.0,1,23.0,2,2,2,5,1,1,1,4
352553.0,2,33.0,4,4,4,4,1,1,0,0
350865.0,2,25.0,2,4,3,5,1,1,0,0
351148.0,2,37.0,4,4,2,5,1,1,0,0
352511.0,1,64.0,4,4,3,4,1,0,0,0
350449.0,1,28.0,4,5,5,5,1,1,1,4
351775.0,1,74.0,4,5,5,5,1,1,0,0
351506.0,2,49.0,2,4,4,3,1,1,1,10
352217.0,1,65.0,3,1,2,5,1,1,1,0
350351.0,1,66.0,4,2,4,5,1,1,0,0
352802.0,2,83.0,4,2,4,5,1,1,0,0
352146.0,2,89.0,2,2,4,5,1,1,0,0
351713.0,2,54.0,3,4,4,5,1,1,1,8
350324.0,2,47.0,3,4,3,5,1,1,1,8
351872.0,1,49.0,3,4,4,5,1,1,1,10
350315.0,1,65.0,2,2,5,3,1,1,0,0
351686.0,1,51.0,2,3,2,5,1,1,1,10
351440.0,2,75.0,3,4,4,5,1,1,0,0
351118.0,2,44.0,2,4,3,5,1,1,1,6
352293.0,1,35.0,3,4,2,5,1,1,1,9
350080.0,2,27.0,4,3,4,3,1,0,1,9
352808.0,1,47.0,3,2,2,4,1,1,1,10
352259.0,2,64.0,5,3,3,5,1,1,0,0
352807.0,2,47.0,5,4,4,5,1,1,1,3
350066.0,1,44.0,3,4,4,4,1,1,1,9
352230.0,2,68.0,4,4,4,5,1,1,0,0
351868.0,2,41.0,3,3,5,5,1,0,1,4
350909.0,2,46.0,3,2,4,5,1,1,1,1
351968.0,2,59.0,3,4,3,5,1,1,1,5
351992.0,1,50.0,4,4,2,5,1,1,1,4
351291.0,2,29.0,5,5,5,5,1,0,0,0
351264.0,1,86.0,2,4,3,5,1,1,0,0
352811.0,2,70.0,3,3,3,4,1,0,0,0
352256.0,2,24.0,4,4,4,5,1,1,1,0
351313.0,2,60.0,4,5,4,5,1,1,0,0
350244.0,2,62.0,4,4,3,5,1,0,1,1
351259.0,2,53.0,4,4,3,4,1,0,0,0
352694.0,1,69.0,5,5,2,4,1,1,0,0
350833.0,1,35.0,4,4,4,4,1,1,1,0
351023.0,1,78.0,5,3,4,5,1,1,0,0
352852.0,2,49.0,4,4,4,4,1,0,1,10
350616.0,2,89.0,4,2,3,5,1,1,0,0
352749.0,1,62.0,1,1,1,5,1,1,0,0
350397.0,1,33.0,2,2,4,5,1,1,1,10
350793.0,2,43.0,4,4,4,5,1,1,1,10
351288.0,1,45.0,3,4,2,4,1,1,1,10
352792.0,2,41.0,4,4,4,5,1,1,1,10
351640.0,2,55.0,3,4,4,5,1,1,0,0
351610.0,2,53.0,5,5,4,5,1,1,1,10
352111.0,2,41.0,2,4,2,5,1,1,1,2
350738.0,1,28.0,1,1,1,5,1,1,1,7
351362.0,1,43.0,2,2,2,5,1,1,1,8
352475.0,1,47.0,2,2,4,5,1,1,1,9
351409.0,1,53.0,2,4,4,5,1,1,1,4
350001.0,1,67.0,4,4,4,4,1,1,0,0
352205.0,2,43.0,2,2,2,5,1,1,1,10
352238.0,2,44.0,2,4,5,5,1,1,1,3
352124.0,2,36.0,4,5,5,5,1,1,1,0
350005.0,1,35.0,4,4,4,5,1,1,1,0
352394.0,1,65.0,2,2,4,5,1,1,1,5
352219.0,2,51.0,3,3,5,5,1,1,1,1
350211.0,2,29.0,4,4,4,5,1,1,1,8
351464.0,2,34.0,3,3,3,5,1,1,0,0
350813.0,1,48.0,2,2,2,5,1,1,1,4
352616.0,2,67.0,2,4,4,5,1,1,0,0
351765.0,2,35.0,2,4,2,5,1,1,1,7
350859.0,2,47.0,2,2,4,5,1,1,1,1
351163.0,2,36.0,3,4,4,5,1,1,0,0
351900.0,1,29.0,2,2,2,3,1,1,1,10
352159.0,2,68.0,4,4,3,5,1,1,0,0
351369.0,2,71.0,2,3,3,4,1,1,0,0
351560.0,1,79.0,2,2,2,3,1,1,0,0
352051.0,2,75.0,2,2,0,5,1,1,0,0
352714.0,1,77.0,4,4,2,5,1,1,0,0
350533.0,2,65.0,5,5,5,4,1,0,1,3
351490.0,1,69.0,5,5,5,4,1,1,0,0
352138.0,1,65.0,4,2,2,5,1,1,0,0
350814.0,1,43.0,4,4,4,5,1,1,1,6
351701.0,1,55.0,1,1,1,5,1,1,1,10
350427.0,1,61.0,3,4,4,3,1,1,1,9
351818.0,2,69.0,3,2,2,5,1,1,0,0
351042.0,2,48.0,3,3,3,5,1,1,1,3
351036.0,2,50.0,4,4,4,5,1,1,1,6
350723.0,2,56.0,3,3,2,5,1,1,0,0
352318.0,1,56.0,4,3,0,4,1,1,0,0
352404.0,1,30.0,2,4,4,5,1,1,1,8
350197.0,1,44.0,2,3,3,5,1,1,1,5
351498.0,1,60.0,4,4,4,4,1,1,0,0
352746.0,2,72.0,2,2,2,5,1,1,0,0
352299.0,2,39.0,2,2,0,4,1,1,0,0
351613.0,1,31.0,1,2,3,4,1,1,1,10
352410.0,2,19.0,2,2,4,5,1,1,1,3
350802.0,2,54.0,2,4,2,5,1,1,1,2
350641.0,1,60.0,4,3,4,4,1,1,1,10
352557.0,2,44.0,1,1,2,5,1,1,1,0
350839.0,2,73.0,2,2,4,4,1,1,0,0
352596.0,1,73.0,3,3,3,4,1,1,0,0
351814.0,2,64.0,5,4,4,3,1,1,1,3
351991.0,1,45.0,3,3,4,5,1,1,1,10
352742.0,2,41.0,5,5,5,5,1,1,1,5
351292.0,2,53.0,1,1,5,5,1,1,0,0
351176.0,1,63.0,4,2,5,5,1,1,0,0
350071.0,2,66.0,3,3,3,4,1,1,0,0
350287.0,1,82.0,2,4,4,5,1,1,0,0
350525.0,2,22.0,2,2,4,5,1,1,0,0
352560.0,1,70.0,3,3,4,5,1,1,1,0
352339.0,1,50.0,4,2,2,3,1,1,1,8
351485.0,1,18.0,4,3,5,5,1,1,0,0
350011.0,1,33.0,2,2,2,4,1,1,1,10
351517.0,1,63.0,3,3,3,5,1,1,1,4
351415.0,2,65.0,4,5,5,3,1,1,0,0
352207.0,1,67.0,2,2,5,5,1,1,1,8
350033.0,2,69.0,3,2,3,4,1,1,0,0
351185.0,1,72.0,4,2,4,4,1,1,0,0
351626.0,2,75.0,2,2,2,5,1,1,0,0
350588.0,2,41.0,2,2,2,5,1,1,1,0
352877.0,1,38.0,2,3,3,5,1,1,1,6
352847.0,2,62.0,3,3,3,5,1,1,1,6
352345.0,2,29.0,3,3,4,5,1,1,1,0
350670.0,2,42.0,2,2,5,5,1,1,0,0
351047.0,2,26.0,4,2,4,4,1,1,1,6
351128.0,1,64.0,4,2,4,5,1,1,1,7
350655.0,2,40.0,2,4,2,5,1,1,1,2
352731.0,2,40.0,3,3,5,4,1,1,1,3
352507.0,1,71.0,2,4,2,5,1,1,0,0
350314.0,2,35.0,2,3,4,5,1,1,1,1
352759.0,1,78.0,1,1,1,5,1,1,0,0
352148.0,1,78.0,2,4,4,5,1,1,0,0
352727.0,1,52.0,4,2,3,5,1,1,1,1
351329.0,2,84.0,2,2,2,5,1,1,0,0
352487.0,2,49.0,2,2,2,5,1,1,1,3
350118.0,1,81.0,2,3,2,4,1,1,0,0
351544.0,2,82.0,4,4,3,4,1,1,0,0
351019.0,1,72.0,5,2,1,5,1,1,0,0
350050.0,1,43.0,4,2,4,5,1,1,1,8
350790.0,1,45.0,3,3,3,5,1,1,1,4
351454.0,1,73.0,3,4,4,5,1,1,0,0
352571.0,1,54.0,2,2,2,5,1,1,0,0
351007.0,1,28.0,4,2,4,3,1,1,1,10
352059.0,2,65.0,5,3,3,5,1,1,0,0
350885.0,1,49.0,2,2,2,5,1,1,1,5
351903.0,1,79.0,1,3,5,5,1,1,0,0
351500.0,1,64.0,1,5,2,5,1,1,0,0
350584.0,2,43.0,2,1,2,5,1,1,0,0
350911.0,1,40.0,1,1,2,5,1,1,1,4
352268.0,2,80.0,3,3,3,5,1,1,0,0
350856.0,2,21.0,2,4,2,5,1,1,1,1
351404.0,1,76.0,4,4,4,5,1,1,0,0
352556.0,2,77.0,2,4,3,5,1,1,0,0
352608.0,2,79.0,1,1,1,5,1,1,0,0
352367.0,1,76.0,5,5,5,5,1,1,0,0
352547.0,2,74.0,3,4,3,5,1,1,0,0
352186.0,2,34.0,2,4,4,5,1,1,0,0
352448.0,2,72.0,4,2,2,5,1,1,0,0
350825.0,2,46.0,5,4,5,4,1,1,1,0
350459.0,2,74.0,2,3,4,5,1,1,0,0
352433.0,1,64.0,2,2,2,5,1,1,1,0
350711.0,2,31.0,3,3,3,5,1,0,1,0
352231.0,2,78.0,3,3,3,4,1,1,0,0
350902.0,2,78.0,3,3,3,4,1,1,0,0
351707.0,1,77.0,4,2,2,5,1,1,0,0
350063.0,2,20.0,3,4,5,4,1,1,0,0
351681.0,2,65.0,3,5,5,5,1,0,0,0
352815.0,2,23.0,4,3,4,5,1,1,0,0
351574.0,2,37.0,2,2,2,5,1,1,1,3
350390.0,2,52.0,2,2,2,5,1,1,1,5
352392.0,2,26.0,4,4,4,5,1,1,0,0
352355.0,1,65.0,2,2,2,5,1,1,0,0
352739.0,1,67.0,4,4,4,5,1,1,0,0
350438.0,2,65.0,1,1,1,4,1,1,0,0
352296.0,1,72.0,4,4,4,4,1,1,1,8
350823.0,2,39.0,4,2,4,5,1,1,0,0
352269.0,1,56.0,2,4,4,5,1,1,0,0
350189.0,1,66.0,5,5,5,4,1,0,1,1
351624.0,1,38.0,5,5,3,4,1,1,1,10
352033.0,2,41.0,2,2,3,5,1,1,1,2
351187.0,1,37.0,4,2,2,5,1,1,1,10
350769.0,1,46.0,3,3,4,5,1,1,1,8
350747.0,1,77.0,4,4,3,5,1,1,0,0
350753.0,1,62.0,2,2,2,5,1,1,0,0
351190.0,2,40.0,3,4,4,5,1,1,1,7
350834.0,1,61.0,3,2,2,4,1,1,0,0
351198.0,1,65.0,2,2,3,5,1,1,1,4
352331.0,1,71.0,3,2,3,4,1,1,0,0
351426.0,2,64.0,3,4,3,4,1,1,1,7
350573.0,2,45.0,4,4,4,5,1,1,1,8
351534.0,2,22.0,4,2,4,5,1,1,0,0
352583.0,1,76.0,3,4,2,4,1,1,0,0
352442.0,1,55.0,2,2,2,5,1,1,1,4
350701.0,2,30.0,3,4,3,3,1,1,0,0
351413.0,2,28.0,3,4,5,5,1,1,0,0
352698.0,2,60.0,2,4,4,5,1,0,1,3
351959.0,2,23.0,2,1,3,5,1,1,1,5
350325.0,2,84.0,2,2,2,5,1,1,0,0
352301.0,2,47.0,4,2,2,4,1,1,1,6
351123.0,2,21.0,3,2,4,5,1,1,0,0
352137.0,2,41.0,2,4,3,5,1,1,1,1
351927.0,2,72.0,2,2,4,4,1,1,0,0
351051.0,2,42.0,3,3,2,4,1,1,1,4
352189.0,2,71.0,2,2,2,5,1,1,0,0
350255.0,2,34.0,5,5,3,4,1,1,1,10
352270.0,1,49.0,5,4,5,3,1,1,1,10
352254.0,1,19.0,5,4,5,4,1,0,0,0
351593.0,2,76.0,2,2,2,5,1,1,0,0
351048.0,1,39.0,5,5,3,5,1,1,1,10
351729.0,1,66.0,4,2,2,4,1,1,0,0
351222.0,1,45.0,4,3,2,5,1,1,1,10
350385.0,1,23.0,2,3,3,5,1,1,1,8
352401.0,1,39.0,1,4,1,5,1,1,1,6
351462.0,2,50.0,2,2,2,5,1,1,1,8
352441.0,2,61.0,1,2,1,5,1,1,0,0
350969.0,1,49.0,4,4,4,2,1,1,1,8
352462.0,1,49.0,3,4,2,5,1,1,1,8
352822.0,1,19.0,2,2,4,5,1,1,1,7
350847.0,1,62.0,2,2,2,5,1,1,1,6
351955.0,1,82.0,5,2,2,5,1,1,0,0
351013.0,2,80.0,3,2,4,5,1,1,0,0
350762.0,2,28.0,3,1,1,5,1,1,1,1
351555.0,2,47.0,2,4,4,5,1,1,0,0
350280.0,2,55.0,3,2,3,4,1,1,1,3
352311.0,2,62.0,2,2,4,5,1,1,1,9
350927.0,2,84.0,5,4,5,5,1,0,0,0
351894.0,2,25.0,3,2,5,5,1,1,1,6
351026.0,2,70.0,3,3,3,5,1,1,0,0
351021.0,2,81.0,4,4,5,4,1,0,0,0
350683.0,2,55.0,3,4,3,5,1,1,1,3
350394.0,2,69.0,3,4,4,4,1,1,0,0
351304.0,2,58.0,2,2,5,5,1,1,1,7
351514.0,2,67.0,4,2,4,5,1,1,0,0
352121.0,2,52.0,3,3,4,5,1,1,1,1
350217.0,1,53.0,5,4,3,4,1,1,0,0
352007.0,2,75.0,2,2,2,5,1,1,0,0
351068.0,2,59.0,2,2,3,5,1,1,1,4
350146.0,2,49.0,2,1,1,5,1,1,1,8
350116.0,1,75.0,2,4,3,5,1,1,0,0
351402.0,2,54.0,5,4,3,4,1,1,1,0
351975.0,1,75.0,3,2,4,5,1,1,0,0
352358.0,1,81.0,3,3,3,4,1,1,0,0
352147.0,1,66.0,3,4,2,4,1,1,1,0
351028.0,1,65.0,2,2,1,5,1,1,1,0
350485.0,2,75.0,2,2,2,4,1,1,1,0
350453.0,1,73.0,2,2,2,5,1,1,0,0
350225.0,1,49.0,5,2,2,5,3,1,1,8
350721.0,1,65.0,2,3,2,5,3,1,0,0
352221.0,1,32.0,4,2,3,5,3,1,1,10
351995.0,2,84.0,5,5,5,5,3,1,0,0
352502.0,1,49.0,5,1,3,5,3,1,1,6
351592.0,1,56.0,5,5,5,5,3,1,1,9
351341.0,2,69.0,3,4,3,4,1,1,0,0
351480.0,1,53.0,3,2,2,5,1,1,0,0
352310.0,2,29.0,3,3,4,5,1,1,0,0
350982.0,1,48.0,1,1,1,3,1,1,1,6
352775.0,1,69.0,3,3,3,5,1,1,1,4
351598.0,2,55.0,1,1,1,5,1,1,1,5
351647.0,1,27.0,2,4,2,5,3,1,1,4
351468.0,2,73.0,4,4,2,5,3,1,0,0
351059.0,2,67.0,5,4,4,5,3,1,0,0
350275.0,2,69.0,4,1,4,5,3,1,0,0
350198.0,2,35.0,2,3,2,5,3,1,1,4
350732.0,2,63.0,2,4,4,5,3,1,1,3
350625.0,1,57.0,2,1,5,3,3,1,1,8
351965.0,2,53.0,3,2,3,5,3,1,1,10
351191.0,2,79.0,3,2,4,5,3,1,0,0
352346.0,1,81.0,2,3,3,5,3,1,0,0
351645.0,2,70.0,4,4,4,4,3,1,0,0
350545.0,2,64.0,3,4,3,3,3,1,0,0
351870.0,2,60.0,4,4,3,5,3,1,1,5
350319.0,1,62.0,2,2,1,5,3,1,0,0
352193.0,2,96.0,4,4,4,5,3,1,0,0
351595.0,2,47.0,3,3,3,5,3,1,1,8
351564.0,1,64.0,3,3,3,5,3,1,0,0
350842.0,2,33.0,1,2,2,5,3,1,1,10
352398.0,1,55.0,5,5,5,5,3,1,0,0
350188.0,1,66.0,4,4,4,5,3,1,0,0
352236.0,2,75.0,4,5,5,5,3,0,0,0
351203.0,1,19.0,2,2,3,5,3,1,1,1
350675.0,1,70.0,4,2,3,2,3,1,0,0
350872.0,2,32.0,3,4,3,5,3,1,1,2
350543.0,2,53.0,3,2,3,4,3,1,1,10
350951.0,1,31.0,2,2,3,4,3,1,1,8
352875.0,1,66.0,3,5,4,5,3,1,0,0
352156.0,1,35.0,3,3,4,5,3,1,1,6
351651.0,2,65.0,4,4,4,5,3,1,0,0
351241.0,1,36.0,3,2,2,5,3,1,1,5
350665.0,2,76.0,2,3,2,5,3,1,0,0
350556.0,2,59.0,2,2,2,5,3,1,1,1
350684.0,2,40.0,3,3,3,5,3,1,1,3
350452.0,2,55.0,3,3,3,5,3,1,1,7
351911.0,1,65.0,2,2,3,4,3,1,0,0
350647.0,2,61.0,1,1,3,1,3,1,0,0
352019.0,2,68.0,5,5,5,5,3,1,0,0
350871.0,2,54.0,4,4,4,4,1,1,1,10
351244.0,2,52.0,3,4,4,4,1,1,0,0
350193.0,1,84.0,3,3,3,5,1,1,0,0
351752.0,2,51.0,3,4,4,5,1,1,1,9
351867.0,2,59.0,3,4,4,5,1,1,0,0
352797.0,1,46.0,3,4,4,5,1,1,1,8
350081.0,1,70.0,3,2,2,4,1,1,0,0
351638.0,2,39.0,3,4,2,5,1,1,1,10
350509.0,2,58.0,3,4,2,5,1,1,1,5
352493.0,1,82.0,3,3,3,5,1,1,0,0
350830.0,2,18.0,4,4,4,5,1,1,0,0
351543.0,2,44.0,3,2,3,5,1,1,1,2
352774.0,1,57.0,4,4,4,5,1,1,1,6
352790.0,2,32.0,4,4,4,5,1,1,1,0
350099.0,2,38.0,4,4,4,5,1,1,0,0
352842.0,2,33.0,3,3,4,5,1,1,1,5
351513.0,1,34.0,4,4,2,5,1,1,1,6
352265.0,2,50.0,4,3,3,5,1,1,0,0
350439.0,2,33.0,3,3,4,5,1,1,1,5
350331.0,1,58.0,4,4,4,5,1,1,1,4
352153.0,2,42.0,3,3,3,5,1,1,1,4
352495.0,2,26.0,3,1,4,5,1,1,0,0
352622.0,1,48.0,4,4,3,4,1,1,1,7
352839.0,2,20.0,3,4,2,5,1,1,1,1
352455.0,1,41.0,2,2,2,5,1,1,1,7
351687.0,2,66.0,3,3,3,2,1,1,1,0
350476.0,1,68.0,2,2,2,3,1,1,0,0
351456.0,1,34.0,3,2,2,4,1,1,1,8
352605.0,2,70.0,2,3,2,5,1,1,0,0
351630.0,2,65.0,4,2,2,4,1,1,0,0
351576.0,2,60.0,4,5,3,5,1,1,0,0
351453.0,1,74.0,3,2,3,5,1,1,1,5
351684.0,1,46.0,2,2,4,5,1,1,1,7
350399.0,1,43.0,3,4,3,5,1,1,0,0
352175.0,1,76.0,2,2,2,4,1,1,0,0
350271.0,2,63.0,3,4,4,4,1,1,0,0
351054.0,2,45.0,3,3,2,5,1,1,0,0
352386.0,1,62.0,1,1,4,4,1,1,0,0
350072.0,2,31.0,2,2,2,5,1,1,0,0
350187.0,2,34.0,4,4,3,5,1,1,0,0
352527.0,2,44.0,4,4,4,5,1,1,1,8
351171.0,1,77.0,2,2,2,5,1,1,0,0
351182.0,2,75.0,4,5,3,2,1,0,0,0
350780.0,1,46.0,3,3,4,5,1,1,1,6
350884.0,1,48.0,4,4,3,4,1,1,1,3
351940.0,2,73.0,5,5,5,5,1,1,0,0
352029.0,2,54.0,2,2,2,5,1,1,1,3
352630.0,2,61.0,3,4,4,4,1,1,1,2
352851.0,1,52.0,3,3,4,5,1,1,1,6
350722.0,2,83.0,2,2,2,5,1,1,0,0
352326.0,2,38.0,4,2,4,2,1,1,0,0
352370.0,2,39.0,2,2,2,5,1,1,0,0
352342.0,1,31.0,3,3,3,5,1,1,1,6
352070.0,2,64.0,3,4,3,5,1,1,0,0
352041.0,1,76.0,3,4,3,5,1,1,0,0
351622.0,2,66.0,5,4,5,5,1,1,0,0
352784.0,2,68.0,2,2,2,5,1,1,0,0
352638.0,2,68.0,2,2,2,5,1,1,1,4
352810.0,2,34.0,3,3,2,5,1,1,0,0
350628.0,2,62.0,3,3,3,2,1,1,0,0
351772.0,1,73.0,2,2,2,5,1,1,0,0
351255.0,2,40.0,3,3,4,5,1,1,1,1
351276.0,1,48.0,3,4,4,5,1,1,1,9
350352.0,1,31.0,3,3,3,5,1,1,0,0
350401.0,1,64.0,4,4,4,5,1,1,0,0
350605.0,1,76.0,3,3,4,5,1,1,0,0
352770.0,1,34.0,2,2,2,4,1,1,1,10
351866.0,2,30.0,3,3,4,4,1,1,1,8
350771.0,2,77.0,4,3,4,4,1,1,0,0
350844.0,1,28.0,3,3,5,5,1,0,1,0
351551.0,1,64.0,4,5,4,5,1,1,0,0
352478.0,2,37.0,2,3,2,5,1,1,1,2
350321.0,2,57.0,4,4,0,5,1,1,0,0
351375.0,1,55.0,2,2,4,5,1,1,1,2
352434.0,2,37.0,5,5,5,5,1,1,1,10
351650.0,2,58.0,4,4,5,5,1,1,1,7
350423.0,2,47.0,4,4,3,5,1,1,1,5
352155.0,1,67.0,3,4,4,5,1,1,0,0
350477.0,1,27.0,3,4,4,5,1,0,1,4
350406.0,1,34.0,3,3,3,5,1,1,1,0
352472.0,1,37.0,5,2,5,5,1,1,1,10
351450.0,2,27.0,4,2,2,4,1,1,1,9
352874.0,2,76.0,3,4,3,5,1,1,0,0
351245.0,2,33.0,3,4,5,5,1,1,1,8
352072.0,2,54.0,4,4,4,5,1,1,0,0
351356.0,2,60.0,3,2,3,5,1,1,1,4
351087.0,1,39.0,4,3,4,4,1,0,1,10
350278.0,1,46.0,3,5,5,4,1,1,1,9
350346.0,1,49.0,1,1,3,5,1,1,1,8
350742.0,1,32.0,4,5,4,5,1,1,1,7
352760.0,2,27.0,4,4,4,5,1,0,1,9
352173.0,2,28.0,4,2,2,5,1,1,0,0
352574.0,1,18.0,3,3,4,5,1,1,0,0
350191.0,2,66.0,3,5,5,5,1,0,0,0
352719.0,2,35.0,4,2,0,5,1,1,0,0
351350.0,2,60.0,2,5,5,5,1,1,0,0
352083.0,2,64.0,3,3,2,5,1,1,0,0
350232.0,2,41.0,5,5,5,5,1,1,1,4
352517.0,2,35.0,4,4,2,4,1,1,0,0
350948.0,2,33.0,4,4,0,5,1,1,0,0
350227.0,1,35.0,1,3,1,4,1,1,1,10
352016.0,1,39.0,4,4,4,5,1,1,1,0
350056.0,2,42.0,2,3,3,5,1,1,1,2
350301.0,1,39.0,4,4,5,5,1,1,1,0
352045.0,2,54.0,3,5,5,5,1,1,1,0
350474.0,1,23.0,5,2,5,4,1,1,1,0
351039.0,2,49.0,3,4,3,4,1,1,1,10
352619.0,2,48.0,4,5,5,4,1,1,1,0
352740.0,2,47.0,3,3,4,5,1,1,1,5
351710.0,1,73.0,2,2,3,5,1,1,0,0
352534.0,1,66.0,4,4,4,5,1,1,0,0
352309.0,1,21.0,5,2,4,5,1,1,1,0
352233.0,2,67.0,4,4,4,5,1,1,0,0
352264.0,1,30.0,4,4,2,5,1,1,1,4
352150.0,2,74.0,3,4,3,5,1,1,0,0
350014.0,2,40.0,4,2,2,5,1,1,1,5
351277.0,2,73.0,3,3,4,5,1,1,0,0
350154.0,1,75.0,4,5,4,5,1,1,0,0
350250.0,1,19.0,4,3,5,5,1,1,0,0
351149.0,1,45.0,4,4,3,5,1,1,0,0
350561.0,1,78.0,3,2,3,4,1,1,0,0
350696.0,2,65.0,3,3,3,5,1,1,0,0
351629.0,2,64.0,3,5,4,5,1,0,0,0
352720.0,2,37.0,2,2,4,5,1,1,1,8
350219.0,1,31.0,5,3,4,5,1,1,1,10
352755.0,2,45.0,3,4,4,5,1,1,1,1
350797.0,1,49.0,4,3,5,4,1,1,1,8
351899.0,1,56.0,5,5,5,4,1,1,1,8
351032.0,1,28.0,4,4,4,5,1,1,1,6
352654.0,1,49.0,5,2,5,5,1,1,0,0
351237.0,2,46.0,3,3,3,5,1,1,0,0
352323.0,1,41.0,5,2,4,5,1,1,1,7
350677.0,1,36.0,5,5,5,5,1,1,1,0
351771.0,2,51.0,2,2,4,5,1,1,0,0
351688.0,1,24.0,4,2,4,3,1,1,0,0
352154.0,1,42.0,2,2,2,5,1,1,1,10
350398.0,1,54.0,3,3,3,5,1,1,1,4
350175.0,2,53.0,3,4,3,5,1,1,1,2
352669.0,2,63.0,1,1,1,4,1,1,0,0
352192.0,2,51.0,2,2,2,5,1,1,1,7
351405.0,2,40.0,3,2,4,5,1,1,1,1
351318.0,2,48.0,4,4,4,5,1,1,1,1
352359.0,1,53.0,3,3,3,4,1,1,1,9
350709.0,2,38.0,2,2,2,5,1,1,1,2
350854.0,1,31.0,3,3,4,4,1,1,1,7
352425.0,1,59.0,3,3,4,5,1,1,1,10
351764.0,1,25.0,1,1,1,5,1,1,1,3
352782.0,1,35.0,4,4,4,5,1,1,1,6
350740.0,1,55.0,2,2,2,5,1,1,0,0
351888.0,2,65.0,3,2,4,5,1,1,0,0
350667.0,1,43.0,3,3,3,5,1,1,0,0
352819.0,2,41.0,4,4,4,5,1,1,0,0
352330.0,2,41.0,3,3,3,5,1,1,1,5
350383.0,2,39.0,2,2,4,5,1,1,0,0
351164.0,2,71.0,3,3,3,5,1,1,0,0
352841.0,2,85.0,2,2,4,5,1,1,0,0
350323.0,1,44.0,4,3,3,5,1,1,1,2
351236.0,1,61.0,2,2,2,5,1,1,1,3
352867.0,1,52.0,5,2,2,5,1,1,1,4
352614.0,2,37.0,4,3,3,5,1,1,1,2
350208.0,1,62.0,2,2,2,5,1,1,1,5
352334.0,2,75.0,3,4,3,5,1,1,0,0
351671.0,2,69.0,4,4,4,5,1,1,0,0
350335.0,2,60.0,3,2,4,5,1,1,1,3
350954.0,1,59.0,2,4,4,5,1,1,0,0
351038.0,1,61.0,4,3,4,5,1,1,1,6
351016.0,2,68.0,4,4,3,2,1,1,0,0
350437.0,2,62.0,3,2,4,5,1,1,0,0
351767.0,1,43.0,3,3,3,5,1,1,0,0
350586.0,2,53.0,2,3,5,5,1,1,1,2
351741.0,1,50.0,2,2,2,5,1,1,0,0
352530.0,2,67.0,3,3,4,5,1,1,0,0
350502.0,1,58.0,4,4,4,5,1,1,1,4
351797.0,2,70.0,2,2,2,5,1,1,0,0
350726.0,1,76.0,2,3,1,4,1,1,0,0
350867.0,1,51.0,4,4,5,5,1,1,1,3
352411.0,2,89.0,3,3,3,5,1,0,0,0
350600.0,1,85.0,3,2,3,5,1,1,0,0
352673.0,1,24.0,2,4,2,4,1,1,1,0
351070.0,2,23.0,2,2,4,5,1,1,1,6
352422.0,2,52.0,1,3,2,5,1,1,1,8
351522.0,1,41.0,2,1,3,4,1,1,1,8
350209.0,2,60.0,3,2,3,5,1,1,1,5
350634.0,2,86.0,5,2,4,5,1,1,0,0
352750.0,1,46.0,4,4,5,5,1,1,0,0
350940.0,2,61.0,3,2,2,4,1,1,0,0
352642.0,1,60.0,3,3,4,5,1,1,0,0
350781.0,2,65.0,2,4,2,5,1,1,0,0
351737.0,1,65.0,4,2,2,5,1,1,0,0
351207.0,2,74.0,3,5,3,3,1,1,0,0
352762.0,1,59.0,2,4,2,5,1,1,1,3
352065.0,1,74.0,4,2,4,4,1,1,0,0
351225.0,2,46.0,3,4,2,4,1,1,1,3
351915.0,2,43.0,4,3,2,5,1,1,1,4
352529.0,2,75.0,2,4,2,4,1,1,0,0
351488.0,1,76.0,3,3,3,4,1,1,0,0
352385.0,1,57.0,4,4,4,4,1,0,1,3
351950.0,2,71.0,4,5,5,5,1,1,1,4
351312.0,2,63.0,2,4,2,5,1,1,1,5
350414.0,1,41.0,2,4,4,5,1,1,1,9
352158.0,1,37.0,2,2,3,5,1,1,1,6
352340.0,2,21.0,3,2,3,5,1,1,1,2
350212.0,2,37.0,3,3,2,4,1,1,1,5
351773.0,2,55.0,4,4,4,5,1,1,1,6
352039.0,1,20.0,1,1,5,4,1,1,1,4
351838.0,1,65.0,2,3,2,4,1,1,0,0
350931.0,2,69.0,2,2,2,5,1,1,0,0
350958.0,1,66.0,4,4,3,5,1,1,0,0
351632.0,2,73.0,3,3,4,5,1,1,0,0
350387.0,1,56.0,5,3,5,5,1,1,0,0
352599.0,2,62.0,4,4,5,5,1,1,1,1
350961.0,1,81.0,4,2,3,5,1,1,0,0
